,relevance_scores,qid,f1,f2,f3,f4,f5,f6,f7,f8,f9,f10,f11,f12,f13,f14,f15,f16,f17,f18,f19,f20,f21,f22,f23,f24,f25,f26,f27,f28,f29,f30,f31,f32,f33,f34,f35,f36,f37,f38,f39,f40,f41,f42,f43,f44,f45,f46,f47,f48,f49,f50,f51,f52,f53,f54,f55,f56,f57,f58,f59,f60,f61,f62,f63,f64,f65,f66,f67,f68,f69,f70,f71,f72,f73,f74,f75,f76,f77,f78,f79,f80,f81,f82,f83,f84,f85,f86,f87,f88,f89,f90,f91,f92,f93,f94,f95,f96,f97,f98,f99,f100,f101,f102,f103,f104,f105,f106,f107,f108,f109,f110,f111,f112,f113,f114,f115,f116,f117,f118,f119,f120,f121,f122,f123,f124,f125,f126,f127,f128,f129,f130,f131,f132,f133,f134,f135,f136
0,0,4,3,0,3,0,3,1,0,1,0,1,1561,2,34,10,1607,14.976692,28.949002,25.594644,28.531344,14.972391,116,0,5,0,121,25,0,1,0,27,46,0,2,0,47,38.666667,0,1.666667,0,40.333333,93.555556,0,0.222222,0,88.888889,0.074311,0,0.147059,0,0.075296,0.016015,0,0.029412,0,0.016801,0.029468,0,0.058824,0,0.029247,0.02477,0,0.04902,0,0.025099,0.000038,0,0.000192,0,0.000034,514.100919,0,42.200053,0,538.388954,53.131263,0,8.989234,0,55.4588,254.247991,0,23.835768,0,259.75702,171.366973,0,14.066684,0,179.462985,7366.300194,0,47.742308,0,7911.58233,1,0,1,0,1,0.955621,0,0.962572,0,0.963078,46.223212,0,12.964064,0,46.49829,-11.259261,-29.251906,-11.236469,-31.107208,-11.201481,-13.644195,-31.580405,-20.489491,-33.960286,-13.542059,-11.518063,-31.750477,-9.505871,-33.908554,-11.463268,2,61,0,8,122,508,131,136,0,0,0
1,0,4,3,0,2,0,3,1,0,0.666667,0,1,1029,0,110,6,1145,14.976692,28.949002,25.594644,28.531344,14.972391,18,0,5,0,23,1,0,0,0,1,10,0,4,0,14,6,0,1.666667,0,7.666667,14,0,2.888889,0,28.222222,0.017493,0,0.045455,0,0.020087,0.000972,0,0,0,0.000873,0.009718,0,0.036364,0,0.012227,0.005831,0,0.015152,0,0.006696,0.000013,0,0.000239,0,0.000022,75.216144,0,30.667985,0,88.171761,5.52713,0,0,0,5.526745,57.882066,0,18.750101,0,66.125373,25.072048,0,10.222662,0,29.390587,544.821332,0,60.031269,0,694.862886,1,0,0,0,1,0.880123,0,0.66135,0,0.869781,28.376489,0,3.274639,0,28.675516,-17.920854,-29.251906,-20.596041,-31.107208,-17.740301,-19.630119,-31.580405,-24.146168,-33.960286,-19.311966,-16.866315,-31.750477,-21.267965,-33.908554,-16.718408,2,31,2,8,115,508,51,70,0,0,0
2,0,4,3,0,3,0,3,1,0,1,0,1,1786,0,30,6,1822,14.976692,28.949002,25.594644,28.531344,14.972391,35,0,4,0,39,7,0,1,0,8,20,0,2,0,22,11.666667,0,1.333333,0,13,34.888889,0,0.222222,0,40.666667,0.019597,0,0.133333,0,0.021405,0.003919,0,0.033333,0,0.004391,0.011198,0,0.066667,0,0.012075,0.006532,0,0.044444,0,0.007135,0.000011,0,0.000247,0,0.000012,128.454739,0,30.282169,0,144.564444,23.613895,0,8.989234,0,25.959439,66.150933,0,11.917884,0,74.391045,42.818246,0,10.094056,0,48.188148,310.088175,0,1.687983,0,398.833826,1,0,1,0,1,0.974931,0,0.967197,0,0.977122,32.926477,0,10.774243,0,34.410635,-15.639025,-29.251906,-12.328133,-31.107208,-15.327755,-17.616755,-31.580405,-21.175589,-33.960286,-17.305299,-15.750061,-31.750477,-9.823879,-33.908554,-15.463872,2,32,82,17,122,508,83,107,0,10,13.35
3,1,4,3,0,3,0,3,1,0,1,0,1,725,0,35,6,766,14.976692,28.949002,25.594644,28.531344,14.972391,23,0,6,0,29,5,0,2,0,7,9,0,2,0,11,7.666667,0,2,0,9.666667,3.555556,0,0,0,3.555556,0.031724,0,0.171429,0,0.037859,0.006897,0,0.057143,0,0.009138,0.012414,0,0.057143,0,0.01436,0.010575,0,0.057143,0,0.01262,0.000007,0,0,0,0.000006,112.681703,0,51.189287,0,142.589323,10.626253,0,9.37505,0,12.979719,74.419799,0,23.835768,0,90.922388,37.560568,0,17.063096,0,47.529774,727.521417,0,35.271014,0,1051.605351,1,0,1,0,1,0.973279,0,1,0,0.982826,39.839113,0,15.06857,0,41.913634,-14.055812,-29.251906,-9.857234,-31.107208,-13.409204,-17.560498,-31.580405,-19.818703,-33.960286,-16.895742,-14.063481,-31.750477,-8.89964,-33.908554,-13.491668,2,29,11,8,121,508,103,120,0,0,0
4,0,4,3,1,2,1,3,1,0.333333,0.666667,0.333333,1,1435,7,36,8,1486,14.976692,28.949002,25.594644,28.531344,14.972391,102,1,3,1,107,22,0,0,0,23,40,1,2,1,44,34,0.333333,1,0.333333,35.666667,72,0.222222,0.666667,0.222222,82.888889,0.07108,0.142857,0.083333,0.125,0.072005,0.015331,0,0,0,0.015478,0.027875,0.142857,0.055556,0.125,0.02961,0.023693,0.047619,0.027778,0.041667,0.024002,0.000035,0.004535,0.000514,0.003472,0.000038,450.228064,5.927773,21.292934,5.827258,463.099129,47.227789,0,0,0,51.918877,221.08521,5.927773,11.917884,5.827258,221.069804,150.076021,1.975924,7.097645,1.942419,154.366376,5544.596136,7.808553,26.265948,7.545986,5407.492017,1,0,0,0,1,0.957126,0.338693,0.783858,0.337831,0.962181,45.909695,3.812813,6.437159,6.062749,46.034463,-11.39927,-29.251906,-19.475434,-30.885768,-11.361729,-13.917193,-31.580405,-24.370472,-33.957299,-13.824949,-11.65085,-31.750477,-19.728824,-33.685492,-11.616026,2,45,82,7,123,4262,47,79,0,4,6.68
5,1,4,3,0,1,1,3,1,0,0.333333,0.333333,1,464,0,2,9,475,14.976692,28.949002,25.594644,28.531344,14.972391,17,0,1,1,19,1,0,0,0,1,15,0,1,1,17,5.666667,0,0.333333,0.333333,6.333333,43.555556,0,0.222222,0.222222,56.888889,0.036638,0,0.5,0.111111,0.04,0.002155,0,0,0,0.002105,0.032328,0,0.5,0.111111,0.035789,0.012213,0,0.166667,0.037037,0.013333,0.000202,0,0.055556,0.002743,0.000252,92.356515,0,8.989234,9.586712,103.400313,1.180695,0,0,0,1.179974,82.906954,0,8.989234,9.586712,93.954667,30.785505,0,2.996411,3.195571,34.466771,1366.696403,0,17.956964,20.423345,1777.77273,1,0,0,0,1,0.631447,0,0.574461,0.555497,0.622348,30.117773,0,15.448751,9.328037,30.312039,-17.808598,-29.251906,-22.762715,-27.264804,-17.738969,-19.770831,-31.580405,-27.714032,-30.747578,-19.656545,-15.987734,-31.750477,-25.556018,-30.058186,-15.931764,2,46,22,2,256,9102,28,23,0,0,0
6,3,4,3,0,2,1,3,1,0,0.666667,0.333333,1,344,0,19,6,369,14.976692,28.949002,25.594644,28.531344,14.972391,99,0,6,1,106,6,0,0,0,6,51,0,4,1,56,33,0,2,0.333333,35.333333,378,0,2.666667,0.222222,454.222222,0.287791,0,0.315789,0.166667,0.287263,0.017442,0,0,0,0.01626,0.148256,0,0.210526,0.166667,0.151762,0.09593,0,0.105263,0.055556,0.095754,0.003194,0,0.007387,0.006173,0.003336,381.086021,0,45.331988,9.586712,411.010633,49.589179,0,0,0,49.59403,281.883642,0,35.956938,9.586712,309.497726,127.028674,0,15.110663,3.195571,137.003544,11990.0308,0,231.932187,20.423345,14878.02222,1,0,0,0,1,0.699343,0,0.631671,0.555497,0.688618,46.563656,0,17.431926,11.578,46.454896,-8.213598,-29.251906,-18.918429,-26.8594,-8.28204,-13.780081,-31.580405,-25.885492,-30.743095,-13.673395,-8.376022,-31.750477,-20.000721,-29.652723,-8.446421,2,32,349,8,123,281,22,6,0,0,0
7,0,4,3,0,3,0,3,1,0,1,0,1,937,0,8,10,955,14.976692,28.949002,25.594644,28.531344,14.972391,194,0,3,0,197,63,0,1,0,64,66,0,1,0,67,64.666667,0,1,0,65.666667,1.555556,0,0,0,1.555556,0.207044,0,0.375,0,0.206283,0.067236,0,0.125,0,0.067016,0.070438,0,0.125,0,0.070157,0.069015,0,0.125,0,0.068761,0.000002,0,0,0,0.000002,958.127913,0,25.594644,0,972.826451,77.925852,0,4.687525,0,79.05829,520.938595,0,11.917884,0,529.002984,319.375971,0,8.531548,0,324.275484,33505.55452,0,8.817753,0,34561.41222,1,0,1,0,1,0.999883,0,1,0,0.999886,50.257657,0,24.568095,0,50.282174,-8.051425,-29.251906,-9.821387,-31.107208,-8.061919,-11.424251,-31.580405,-21.361632,-33.960286,-11.396778,-8.335691,-31.750477,-6.553014,-33.908554,-8.346711,2,51,766,0,119,32560,45,24,0,0,0
8,0,4,3,0,3,0,3,1,0,1,0,1,725,0,35,6,766,14.976692,28.949002,25.594644,28.531344,14.972391,23,0,6,0,29,5,0,2,0,7,9,0,2,0,11,7.666667,0,2,0,9.666667,3.555556,0,0,0,3.555556,0.031724,0,0.171429,0,0.037859,0.006897,0,0.057143,0,0.009138,0.012414,0,0.057143,0,0.01436,0.010575,0,0.057143,0,0.01262,0.000007,0,0,0,0.000006,112.681703,0,51.189287,0,142.589323,10.626253,0,9.37505,0,12.979719,74.419799,0,23.835768,0,90.922388,37.560568,0,17.063096,0,47.529774,727.521417,0,35.271014,0,1051.605351,1,0,1,0,1,0.973279,0,1,0,0.982826,39.839113,0,15.06857,0,41.913634,-14.055812,-29.251906,-9.857234,-31.107208,-13.409204,-17.560498,-31.580405,-19.818703,-33.960286,-16.895742,-14.063481,-31.750477,-8.89964,-33.908554,-13.491668,2,33,367,8,266,398,89,114,0,0,0
9,1,4,3,0,2,0,3,1,0,0.666667,0,1,395,0,13,9,417,14.976692,28.949002,25.594644,28.531344,14.972391,23,0,3,0,26,1,0,0,0,1,17,0,2,0,18,7.666667,0,1,0,8.666667,46.222222,0,0.666667,0,49.555556,0.058228,0,0.230769,0,0.06235,0.002532,0,0,0,0.002398,0.043038,0,0.153846,0,0.043165,0.019409,0,0.076923,0,0.020783,0.000296,0,0.003945,0,0.000285,66.943274,0,28.523293,0,84.625987,5.52713,0,0,0,5.526745,41.344333,0,23.835768,0,57.859701,22.314425,0,9.507764,0,28.208662,216.32666,0,106.307993,0,480.740714,1,0,0,0,1,0.838129,0,0.805181,0,0.853774,34.149625,0,17.222283,0,35.50783,-14.880319,-29.251906,-17.399841,-31.107208,-14.601486,-18.789136,-31.580405,-23.863117,-33.960286,-18.42717,-13.807545,-31.750477,-17.692544,-33.908554,-13.576482,5,60,12,15,154,6000,3,17,0,0,0
10,0,4,2,1,1,1,2,0.666667,0.333333,0.333333,0.333333,0.666667,292,1,3,13,309,14.976692,28.949002,25.594644,28.531344,14.972391,19,1,1,1,22,0,0,0,0,0,12,1,1,1,15,6.333333,0.333333,0.333333,0.333333,7.333333,24.222222,0.222222,0.222222,0.222222,37.555556,0.065068,1,0.333333,0.076923,0.071197,0,0,0,0,0,0.041096,1,0.333333,0.076923,0.048544,0.021689,0.333333,0.111111,0.025641,0.023732,0.000284,0.222222,0.024691,0.001315,0.000393,74.590426,9.6943,8.989234,9.586712,91.160998,0,0,0,0,0,66.325563,9.6943,8.989234,9.586712,82.901177,24.863475,3.231433,2.996411,3.195571,30.386999,870.937014,20.884324,17.956964,20.423345,1390.240185,0,0,0,0,0,0.565625,0.553646,0.574461,0.555497,0.563708,21.112096,16.446442,13.650537,7.40845,21.39819,-22.901278,-23.154551,-23.168129,-27.632448,-22.7363,-25.518041,-28.796635,-27.71553,-30.753545,-25.308943,-23.975803,-25.947808,-25.961481,-30.425907,-23.857915,4,85,4972,1,25395,21052,2,7,0,0,0
11,0,4,3,0,2,0,3,1,0,0.666667,0,1,416,0,10,8,434,14.976692,28.949002,25.594644,28.531344,14.972391,36,0,2,0,38,2,0,0,0,2,27,0,1,0,28,12,0,0.666667,0,12.666667,116.666667,0,0.222222,0,123.555556,0.086538,0,0.2,0,0.087558,0.004808,0,0,0,0.004608,0.064904,0,0.1,0,0.064516,0.028846,0,0.066667,0,0.029186,0.000674,0,0.002222,0,0.000656,174.035113,0,13.67676,0,180.720002,8.264863,0,0,0,9.439796,149.232517,0,8.989234,0,154.748863,58.011704,0,4.55892,0,60.240001,4172.025029,0,13.475992,0,4474.344209,1,0,0,0,1,0.645623,0,0.648144,0,0.64343,38.2746,0,11.444155,0,38.266384,-12.697743,-29.251906,-21.122388,-31.107208,-12.642593,-17.230019,-31.580405,-27.445623,-33.960286,-17.104965,-12.468014,-31.750477,-20.796356,-33.908554,-12.425623,2,40,0,4,180,9006,4,9,0,0,0
12,1,4,2,0,2,0,2,0.666667,0,0.666667,0,0.666667,1018,0,8,6,1032,14.976692,28.949002,25.594644,28.531344,14.972391,47,0,3,0,50,0,0,0,0,0,39,0,2,0,41,15.666667,0,1,0,16.666667,282.888889,0,0.666667,0,309.555556,0.046169,0,0.375,0,0.04845,0,0,0,0,0,0.03831,0,0.25,0,0.039729,0.01539,0,0.125,0,0.01615,0.000273,0,0.010417,0,0.000291,225.003637,0,22.665994,0,237.21632,0,0,0,0,0,215.55808,0,17.978469,0,226.59655,75.001212,0,7.555331,0,79.072107,9892.986202,0,57.983047,0,10900.52722,0,0,0,0,0,0.557114,0,0.631671,0,0.557658,21.007802,0,18.04264,0,21.175191,-23.976909,-29.251906,-19.245314,-31.107208,-23.829592,-25.055953,-31.580405,-26.770374,-33.960286,-24.912209,-25.15385,-31.750477,-19.657279,-33.908554,-25.00673,2,29,0,1,289,9048,7,98,0,0,0
13,0,4,2,0,1,0,2,0.666667,0,0.333333,0,0.666667,858,0,32,4,894,14.976692,28.949002,25.594644,28.531344,14.972391,7,0,1,0,8,0,0,0,0,0,4,0,1,0,5,2.333333,0,0.333333,0,2.666667,2.888889,0,0.222222,0,4.222222,0.008159,0,0.03125,0,0.008949,0,0,0,0,0,0.004662,0,0.03125,0,0.005593,0.00272,0,0.010417,0,0.002983,0.000004,0,0.000217,0,0.000005,21.30417,0,4.687525,0,22.480108,0,0,0,0,0,16.581391,0,4.687525,0,16.580235,7.10139,0,1.562508,0,7.493369,48.652648,0,4.882865,0,47.086983,0,0,0,0,0,0.56692,0,0.300142,0,0.561992,12.957615,0,1.62681,0,13.085984,-27.455565,-29.251906,-30.299778,-31.107208,-27.305751,-27.991063,-31.580405,-30.664309,-33.960286,-27.85493,-28.062095,-31.750477,-32.595124,-33.908554,-27.916453,1,24,0,6,289,350,47,146,0,0,0
14,0,4,3,0,2,0,3,1,0,0.666667,0,1,393,0,13,9,415,14.976692,28.949002,25.594644,28.531344,14.972391,23,0,3,0,26,1,0,0,0,1,17,0,2,0,18,7.666667,0,1,0,8.666667,46.222222,0,0.666667,0,49.555556,0.058524,0,0.230769,0,0.062651,0.002545,0,0,0,0.00241,0.043257,0,0.153846,0,0.043373,0.019508,0,0.076923,0,0.020884,0.000299,0,0.003945,0,0.000288,66.943274,0,28.523293,0,84.625987,5.52713,0,0,0,5.526745,41.344333,0,23.835768,0,57.859701,22.314425,0,9.507764,0,28.208662,216.32666,0,106.307993,0,480.740714,1,0,0,0,1,0.838129,0,0.805181,0,0.853774,34.182866,0,17.222283,0,35.536779,-14.865573,-29.251906,-17.399841,-31.107208,-14.587533,-18.78663,-31.580405,-23.863117,-33.960286,-18.424687,-13.79233,-31.750477,-17.692544,-33.908554,-13.562071,5,60,12,15,144,5916,3,17,0,0,0
15,0,4,3,0,0,0,3,1,0,0,0,1,875,7,5,11,898,14.976692,28.949002,25.594644,28.531344,14.972391,3,0,0,0,3,1,0,0,0,1,1,0,0,0,1,1,0,0,0,1,0,0,0,0,0,0.003429,0,0,0,0.003341,0.001143,0,0,0,0.001114,0.001143,0,0,0,0.001114,0.001143,0,0,0,0.001114,0,0,0,0,0,14.976692,0,0,0,14.972391,1.180695,0,0,0,1.179974,8.268867,0,0,0,8.265672,4.992231,0,0,0,4.990797,8.516756,0,0,0,8.511471,1,0,0,0,1,1,0,0,0,1,14.557216,0,0,0,14.530112,-23.362864,-29.251906,-30.299778,-31.107208,-23.436584,-22.920569,-31.580405,-30.664309,-33.960286,-22.941617,-20.563658,-31.750477,-32.595124,-33.908554,-20.639267,4,48,2,2,144,1917,19,119,0,0,0
16,1,4,2,0,1,0,2,0.666667,0,0.333333,0,0.666667,418,0,7,17,442,14.976692,28.949002,25.594644,28.531344,14.972391,9,0,1,0,10,0,0,0,0,0,6,0,1,0,7,3,0,0.333333,0,3.333333,6,0,0.222222,0,8.222222,0.021531,0,0.142857,0,0.022624,0,0,0,0,0,0.014354,0,0.142857,0,0.015837,0.007177,0,0.047619,0,0.007541,0.000034,0,0.004535,0,0.000042,36.704866,0,8.989234,0,42.227139,0,0,0,0,0,33.162781,0,8.989234,0,38.687216,12.234955,0,2.996411,0,14.075713,221.078016,0,17.956964,0,304.951542,0,0,0,0,0,0.564227,0,0.574461,0,0.562931,18.22127,0,9.313992,0,18.592184,-25.241874,-29.251906,-24.015226,-31.107208,-25.157754,-26.997709,-31.580405,-27.721515,-33.960286,-26.864517,-26.225151,-31.750477,-26.808769,-33.908554,-26.174222,4,115,7,3,2087,21610,16,5,0,0,0
17,2,4,3,0,2,1,3,1,0,0.666667,0.333333,1,128,0,9,10,147,14.976692,28.949002,25.594644,28.531344,14.972391,11,0,3,1,15,3,0,0,0,4,4,0,2,1,6,3.666667,0,1,0.333333,5,0.222222,0,0.666667,0.222222,0.666667,0.085938,0,0.333333,0.1,0.102041,0.023438,0,0,0,0.027211,0.03125,0,0.222222,0.1,0.040816,0.028646,0,0.111111,0.033333,0.034014,0.000014,0,0.00823,0.002222,0.000031,58.726072,0,28.523293,9.586712,81.947653,3.542084,0,0,0,4.719898,33.075466,0,23.835768,9.586712,49.59403,19.575357,0,9.507764,3.195571,27.315884,148.57857,0,106.307993,20.423345,335.665129,1,0,0,0,1,0.999359,0,0.805181,0.555497,0.995848,43.433181,0,21.166379,8.760555,45.316496,-11.315146,-29.251906,-16.663837,-27.580885,-10.63569,-18.688879,-31.580405,-23.85715,-30.749071,-17.889347,-10.997194,-31.750477,-16.95778,-30.163545,-10.496617,2,60,0,5,790,4744,18,60,0,0,0
18,2,4,3,0,2,1,3,1,0,0.666667,0.333333,1,447,0,9,9,465,14.976692,28.949002,25.594644,28.531344,14.972391,24,0,4,1,29,1,0,0,0,2,21,0,3,1,25,8,0,1.333333,0.333333,9.666667,84.666667,0,1.555556,0.222222,117.555556,0.053691,0,0.444444,0.111111,0.062366,0.002237,0,0,0,0.004301,0.04698,0,0.333333,0.111111,0.053763,0.017897,0,0.148148,0.037037,0.020789,0.000424,0,0.019204,0.002743,0.000544,126.699991,0,38.885587,9.586712,157.05992,2.361389,0,0,0,2.359949,116.069735,0,26.967703,9.586712,138.168628,42.23333,0,12.961862,3.195571,52.353307,2731.723713,0,121.754449,20.423345,3715.606072,1,0,0,0,1,0.610592,0,0.833235,0.555497,0.646902,31.556642,0,26.61436,9.328037,36.599959,-16.143883,-29.251906,-11.846164,-27.264804,-14.613623,-19.086301,-31.580405,-20.57283,-30.747578,-18.239525,-14.866625,-31.750477,-12.281861,-30.058186,-14.116715,2,49,553,2,876,10008,42,45,0,0,0
19,1,4,3,0,2,0,3,1,0,0.666667,0,1,394,0,13,9,416,14.976692,28.949002,25.594644,28.531344,14.972391,23,0,3,0,26,1,0,0,0,1,17,0,2,0,18,7.666667,0,1,0,8.666667,46.222222,0,0.666667,0,49.555556,0.058376,0,0.230769,0,0.0625,0.002538,0,0,0,0.002404,0.043147,0,0.153846,0,0.043269,0.019459,0,0.076923,0,0.020833,0.000298,0,0.003945,0,0.000286,66.943274,0,28.523293,0,84.625987,5.52713,0,0,0,5.526745,41.344333,0,23.835768,0,57.859701,22.314425,0,9.507764,0,28.208662,216.32666,0,106.307993,0,480.740714,1,0,0,0,1,0.838129,0,0.805181,0,0.853774,34.166235,0,17.222283,0,35.522296,-14.872533,-29.251906,-17.399841,-31.107208,-14.594107,-18.787884,-31.580405,-23.863117,-33.960286,-18.425928,-13.799947,-31.750477,-17.692544,-33.908554,-13.569285,5,60,12,15,144,5916,4,18,0,0,0
20,2,4,3,1,3,2,3,1,0.333333,1,0.666667,1,321,1,35,11,368,14.976692,28.949002,25.594644,28.531344,14.972391,19,1,5,2,27,5,0,1,0,7,7,1,2,1,11,6.333333,0.333333,1.666667,0.666667,9,0.888889,0.222222,0.222222,0.222222,2.666667,0.05919,1,0.142857,0.181818,0.07337,0.015576,0,0.028571,0,0.019022,0.021807,1,0.057143,0.090909,0.029891,0.01973,0.333333,0.047619,0.060606,0.024457,0.000009,0.222222,0.000181,0.001837,0.00002,102.475451,9.6943,39.271403,22.704086,143.445062,5.903474,0,9.37505,0,8.259821,57.882066,9.6943,17.978469,13.117374,74.391045,34.158484,3.231433,13.090468,7.568029,47.815021,460.562598,20.884324,13.023945,30.715124,813.11928,1,0,1,0,1,0.999161,0.553646,0.944573,0.941207,0.994707,44.162348,16.446442,11.882467,19.557693,45.791572,-12.154174,-23.154551,-11.318558,-15.46798,-11.42091,-17.470212,-28.796635,-20.510707,-23.108345,-16.562008,-12.123471,-25.947808,-9.592785,-15.216884,-11.494635,2,67,8,5,144,395,13,56,0,0,0
21,2,4,3,1,3,0,3,1,0.333333,1,0,1,782,2,36,11,831,14.976692,28.949002,25.594644,28.531344,14.972391,24,1,6,0,31,6,0,2,0,8,10,1,2,0,12,8,0.333333,2,0,10.333333,2.666667,0.222222,0,0,2.888889,0.030691,0.5,0.166667,0,0.037304,0.007673,0,0.055556,0,0.009627,0.012788,0.5,0.055556,0,0.01444,0.01023,0.166667,0.055556,0,0.012435,0.000004,0.055556,0,0,0.000004,128.506403,13.326929,51.189287,0,166.683125,7.084168,0,9.37505,0,9.439796,66.150933,13.326929,23.835768,0,90.922388,42.835468,4.44231,17.063096,0,55.561042,658.805432,39.46823,35.271014,0,1164.456521,1,0,1,0,1,0.993413,0.760765,1,0,0.998296,40.899155,17.761616,14.736067,0,42.887661,-14.081524,-20.202451,-9.942574,-31.107208,-13.40942,-17.383011,-25.194736,-19.820177,-33.960286,-16.700096,-14.116389,-22.995661,-8.984066,-33.908554,-13.512527,2,59,189,8,144,4307,82,108,0,0,0
22,0,4,3,0,2,1,3,1,0,0.666667,0.333333,1,209,0,8,10,227,14.976692,28.949002,25.594644,28.531344,14.972391,11,0,2,1,14,1,0,0,0,1,6,0,1,1,7,3.666667,0,0.666667,0.333333,4.666667,4.222222,0,0.222222,0.222222,6.888889,0.052632,0,0.25,0.1,0.061674,0.004785,0,0,0,0.004405,0.028708,0,0.125,0.1,0.030837,0.017544,0,0.083333,0.033333,0.020558,0.000097,0,0.003472,0.002222,0.000134,59.863109,0,16.605409,5.827258,70.466293,4.722779,0,0,0,5.526745,49.6132,0,11.917884,5.827258,57.859701,19.95437,0,5.535136,1.942419,23.488764,439.930927,0,24.031882,7.545986,591.082673,1,0,0,0,1,0.88917,0,0.818532,0.337831,0.882802,37.768721,0,15.9394,5.32508,38.251926,-14.345674,-29.251906,-17.776811,-31.107208,-13.953542,-19.567388,-31.580405,-24.54766,-33.960286,-19.13011,-13.160191,-31.750477,-17.415532,-33.908554,-12.849642,2,61,9,5,1856,12003,24,97,0,0,0
23,1,4,2,0,2,0,2,0.666667,0,0.666667,0,0.666667,153,0,6,3,162,14.976692,28.949002,25.594644,28.531344,14.972391,24,0,2,0,26,0,0,0,0,0,20,0,1,0,21,8,0,0.666667,0,8.666667,74.666667,0,0.222222,0,80.222222,0.156863,0,0.333333,0,0.160494,0,0,0,0,0,0.130719,0,0.166667,0,0.12963,0.052288,0,0.111111,0,0.053498,0.00319,0,0.006173,0,0.003057,115.265384,0,13.67676,0,121.96152,0,0,0,0,0,110.542605,0,8.989234,0,116.061647,38.421795,0,4.55892,0,40.65384,2604.423078,0,13.475992,0,2848.970126,0,0,0,0,0,0.55696,0,0.648144,0,0.558195,21.936927,0,15.393423,0,22.077419,-21.534812,-29.251906,-20.006057,-31.107208,-21.358872,-25.250622,-31.580405,-27.439647,-33.960286,-25.040774,-22.732285,-31.750477,-19.7754,-33.908554,-22.567473,1,24,0,0,31670,683,22,9,0,0,0
24,2,4,3,0,3,1,3,1,0,1,0.333333,1,145,0,10,9,164,14.976692,28.949002,25.594644,28.531344,14.972391,8,0,5,1,14,1,0,1,0,2,5,0,3,1,9,2.666667,0,1.666667,0.333333,4.666667,2.888889,0,0.888889,0.222222,9.555556,0.055172,0,0.5,0.111111,0.085366,0.006897,0,0.1,0,0.012195,0.034483,0,0.3,0.111111,0.054878,0.018391,0,0.166667,0.037037,0.028455,0.000137,0,0.008889,0.002743,0.000355,38.265907,0,43.573113,9.586712,69.811973,2.361389,0,4.687525,0,3.539923,27.635651,0,26.967703,9.586712,49.740706,12.755302,0,14.524371,3.195571,23.270658,116.528771,0,86.131276,20.423345,378.46123,1,0,1,0,1,0.773324,0,0.870077,0.555497,0.790701,35.10078,0,29.160774,9.328037,40.859005,-14.384084,-29.251906,-8.461337,-27.264804,-12.070283,-20.122737,-31.580405,-20.29395,-30.747578,-18.622832,-12.937315,-31.750477,-6.1235,-30.058186,-11.621865,3,52,2664,0,5753,11746,8,68,0,0,0
25,0,4,3,1,0,0,3,1,0.333333,0,0,1,801,9,5,9,824,14.976692,28.949002,25.594644,28.531344,14.972391,15,1,0,0,16,3,0,0,0,3,7,1,0,0,7,5,0.333333,0,0,5.333333,2.666667,0.222222,0,0,2.888889,0.018727,0.111111,0,0,0.019417,0.003745,0,0,0,0.003641,0.008739,0.111111,0,0,0.008495,0.006242,0.037037,0,0,0.006472,0.000004,0.002743,0,0,0.000004,66.190587,13.326929,0,0,74.434086,8.264863,0,0,0,8.259821,41.344333,13.326929,0,0,49.59403,22.063529,4.44231,0,0,24.811362,197.40214,39.46823,0,0,318.628521,1,0,0,0,1,0.976091,0.760765,0,0,0.96452,33.264712,7.102209,0,0,34.329453,-15.892435,-22.20915,-30.299778,-31.107208,-15.767686,-18.948077,-25.205208,-30.664309,-33.960286,-18.789455,-15.70937,-24.499738,-32.595124,-33.908554,-15.611636,5,46,52,10,10097,60996,31,5,0,11,102.16
26,0,4,3,1,3,0,3,1,0.333333,1,0,1,704,3,35,10,752,14.976692,28.949002,25.594644,28.531344,14.972391,32,1,5,0,38,9,0,1,0,12,12,1,2,0,13,10.666667,0.333333,1.666667,0,12.666667,1.555556,0.222222,0.222222,0,0.222222,0.045455,0.333333,0.142857,0,0.050532,0.012784,0,0.028571,0,0.015957,0.017045,0.333333,0.057143,0,0.017287,0.015152,0.111111,0.047619,0,0.016844,0.000003,0.024691,0.000181,0,0,153.733004,13.326929,42.200053,0,186.375414,12.987642,0,8.989234,0,15.339668,74.419799,13.326929,23.835768,0,99.188059,51.244335,4.44231,14.066684,0,62.125138,742.706713,39.46823,47.742308,0,1219.02276,1,0,1,0,1,0.990512,0.760765,0.962572,0,0.99928,43.08164,14.625737,12.665407,0,44.329784,-12.781104,-20.607914,-11.321701,-31.107208,-12.410513,-16.49132,-25.196235,-20.490966,-33.960286,-16.028513,-12.900714,-23.401126,-9.592746,-33.908554,-12.564325,2,53,84,5,541,395,146,180,0,0,0
27,0,4,3,0,1,0,3,1,0,0.333333,0,1,651,0,14,4,669,14.976692,28.949002,25.594644,28.531344,14.972391,19,0,1,0,20,3,0,0,0,3,9,0,1,0,9,6.333333,0,0.333333,0,6.666667,6.222222,0,0.222222,0,6.888889,0.029186,0,0.071429,0,0.029895,0.004608,0,0,0,0.004484,0.013825,0,0.071429,0,0.013453,0.009729,0,0.02381,0,0.009965,0.000015,0,0.001134,0,0.000015,74.122764,0,8.989234,0,79.630746,10.626253,0,0,0,10.61977,38.689912,0,8.989234,0,44.213961,24.707588,0,2.996411,0,26.543582,131.266396,0,17.956964,0,189.620189,1,0,0,0,1,0.911895,0,0.574461,0,0.890245,35.451669,0,5.986066,0,35.846628,-14.628754,-29.251906,-25.381167,-31.107208,-14.563088,-18.241132,-31.580405,-27.73196,-33.960286,-18.127635,-14.50341,-31.750477,-27.5019,-33.908554,-14.45151,2,25,993,10,7060,5916,9,15,0,0,0
28,1,4,3,0,3,0,3,1,0,1,0,1,1476,3,33,11,1523,14.976692,28.949002,25.594644,28.531344,14.972391,36,0,5,0,41,9,0,1,0,10,17,0,2,0,19,12,0,1.666667,0,13.666667,12.666667,0,0.222222,0,14.888889,0.02439,0,0.151515,0,0.026921,0.006098,0,0.030303,0,0.006566,0.011518,0,0.060606,0,0.012475,0.00813,0,0.050505,0,0.008974,0.000006,0,0.000204,0,0.000006,152.504648,0,42.200053,0,176.875026,20.07181,0,8.989234,0,22.419515,82.688666,0,23.835768,0,99.188059,50.834883,0,14.066684,0,58.958342,654.073257,0,47.742308,0,989.046238,1,0,1,0,1,0.993382,0,0.962572,0,0.992514,37.293612,0,13.277169,0,38.745731,-14.71778,-29.251906,-11.148643,-31.107208,-14.391156,-17.036454,-31.580405,-20.488016,-33.960286,-16.68674,-14.866529,-31.750477,-9.4164,-33.908554,-14.562225,2,61,3,5,144,395,152,157,0,0,0
29,0,4,2,0,0,0,2,0.666667,0,0,0,0.666667,320,2,10,6,338,14.976692,28.949002,25.594644,28.531344,14.972391,9,0,0,0,9,0,0,0,0,0,7,0,0,0,7,3,0,0,0,3,8.666667,0,0,0,8.666667,0.028125,0,0,0,0.026627,0,0,0,0,0,0.021875,0,0,0,0.02071,0.009375,0,0,0,0.008876,0.000085,0,0,0,0.000076,19.319124,0,0,0,19.313312,0,0,0,0,0,11.05426,0,0,0,11.05349,6.439708,0,0,0,6.437771,22.031708,0,0,0,22.023209,0,0,0,0,0,0.502937,0,0,0,0.503059,15.336426,0,0,0,15.234783,-25.162078,-29.251906,-30.299778,-31.107208,-25.282442,-27.336751,-31.580405,-30.664309,-33.960286,-27.351343,-25.950175,-31.750477,-32.595124,-33.908554,-26.051673,2,39,4976,1,27439,21610,4,7,0,0,0
30,0,4,3,1,3,2,3,1,0.333333,1,0.666667,1,671,2,33,11,717,14.976692,28.949002,25.594644,28.531344,14.972391,28,1,6,2,37,9,0,2,0,12,10,1,2,1,13,9.333333,0.333333,2,0.666667,12.333333,0.222222,0.222222,0,0.222222,0.222222,0.041729,0.5,0.181818,0.181818,0.051604,0.013413,0,0.060606,0,0.016736,0.014903,0.5,0.060606,0.090909,0.018131,0.01391,0.166667,0.060606,0.060606,0.017201,0,0.055556,0,0.001837,0,135.970919,13.326929,51.189287,22.704086,187.934366,11.806947,0,9.37505,0,14.159694,74.419799,13.326929,23.835768,13.117374,107.453731,45.32364,4.44231,17.063096,7.568029,62.644789,663.165427,39.46823,35.271014,30.715124,1457.386617,1,0,1,0,1,0.999875,0.760765,1,0.941207,0.99932,42.523962,17.761616,15.780719,19.557693,44.634092,-13.051948,-20.202451,-9.683195,-15.46798,-12.356051,-16.824368,-25.194736,-19.815753,-23.108345,-16.060997,-13.139388,-22.995661,-8.723293,-15.216884,-12.501218,2,67,83,5,541,395,132,175,0,0,0
31,1,4,3,0,2,0,3,1,0,0.666667,0,1,637,0,25,4,666,14.976692,28.949002,25.594644,28.531344,14.972391,41,0,4,0,45,1,0,0,0,1,33,0,3,0,36,13.666667,0,1.333333,0,15,192.888889,0,1.555556,0,228.666667,0.064364,0,0.16,0,0.067568,0.00157,0,0,0,0.001502,0.051805,0,0.12,0,0.054054,0.021455,0,0.053333,0,0.022523,0.000475,0,0.002489,0,0.000516,85.921704,0,23.05181,0,94.958714,8.268867,0,0,0,8.265672,38.962926,0,14.062576,0,44.213961,28.640568,0,7.683937,0,31.652905,207.515534,0,33.811239,0,273.982967,1,0,0,0,1,0.563751,0,0.562005,0,0.561292,28.443387,0,8.65567,0,28.732278,-15.254362,-29.251906,-21.109697,-31.107208,-15.152085,-18.138815,-31.580405,-27.069827,-33.960286,-17.955088,-14.242131,-31.750477,-21.530575,-33.908554,-14.155219,1,17,0,9,5296,4686,84,115,0,48,23.32444444
32,0,4,3,0,3,3,3,1,0,1,1,1,415,1,10,13,439,14.976692,28.949002,25.594644,28.531344,14.972391,20,0,3,3,26,4,0,1,1,6,9,0,1,1,11,6.666667,0,1,1,8.666667,4.222222,0,0,0,4.222222,0.048193,0,0.3,0.230769,0.059226,0.009639,0,0.1,0.076923,0.013667,0.021687,0,0.1,0.076923,0.025057,0.016064,0,0.1,0.076923,0.019742,0.000025,0,0,0,0.000022,91.084502,0,25.594644,28.531344,121.007996,8.264863,0,4.687525,5.827258,10.61977,49.744172,0,11.917884,13.117374,60.794196,30.361501,0,8.531548,9.510448,40.335999,290.438319,0,8.817753,8.86054,462.434405,1,0,1,1,1,0.924677,0,1,1,0.957014,41.053477,0,21.416554,22.048542,43.564035,-12.91424,-29.251906,-10.483728,-11.295399,-12.12207,-17.63279,-31.580405,-21.364618,-22.253005,-16.846635,-12.866238,-31.750477,-7.222096,-8.010386,-12.178358,3,101,88,3,6555,15788,40,133,0,0,0
33,2,4,3,1,3,2,3,1,0.333333,1,0.666667,1,152,1,12,12,177,14.976692,28.949002,25.594644,28.531344,14.972391,17,1,4,3,25,2,0,1,0,3,10,1,2,2,13,5.666667,0.333333,1.333333,1,8.333333,10.888889,0.222222,0.222222,0.666667,16.888889,0.111842,1,0.333333,0.25,0.141243,0.013158,0,0.083333,0,0.016949,0.065789,1,0.166667,0.166667,0.073446,0.037281,0.333333,0.111111,0.083333,0.047081,0.000471,0.222222,0.001543,0.00463,0.000539,55.980332,9.6943,30.282169,25.000682,89.877389,11.806947,0,8.989234,0,15.339668,27.635651,9.6943,11.917884,19.173424,49.740706,18.660111,3.231433,10.094056,8.333561,29.95913,44.010221,20.884324,1.687983,64.410811,210.562282,1,0,1,0,1,0.874786,0.553646,0.967197,0.629753,0.860125,40.498989,16.446442,21.242365,17.41852,43.583701,-11.11543,-23.154551,-9.590609,-21.5883,-10.065486,-18.265662,-28.796635,-21.14887,-29.209165,-17.07836,-10.781178,-25.947808,-7.076595,-22.032117,-9.982518,3,79,1901,0,5555,6578,6,94,0,0,0
34,0,4,2,1,1,0,2,0.666667,0.333333,0.333333,0,0.666667,292,1,3,11,307,14.976692,28.949002,25.594644,28.531344,14.972391,19,1,1,0,21,0,0,0,0,0,12,1,1,0,14,6.333333,0.333333,0.333333,0,7,24.222222,0.222222,0.222222,0,32.666667,0.065068,1,0.333333,0,0.068404,0,0,0,0,0,0.041096,1,0.333333,0,0.045603,0.021689,0.333333,0.111111,0,0.022801,0.000284,0.222222,0.024691,0,0.000347,74.590426,9.6943,8.989234,0,85.634253,0,0,0,0,0,66.325563,9.6943,8.989234,0,77.374432,24.863475,3.231433,2.996411,0,28.544751,870.937014,20.884324,17.956964,0,1203.539628,0,0,0,0,0,0.565625,0.553646,0.574461,0,0.564343,21.112096,16.446442,13.650537,0,21.309764,-22.901278,-23.154551,-23.168129,-31.107208,-22.797303,-25.518041,-28.796635,-27.71553,-33.960286,-25.375226,-23.975803,-25.947808,-25.961481,-33.908554,-23.913944,4,61,4972,2,27922,22719,3,8,0,0,0
35,2,4,3,0,2,0,3,1,0,0.666667,0,1,1196,0,9,4,1209,14.976692,28.949002,25.594644,28.531344,14.972391,43,0,3,0,46,1,0,0,0,1,34,0,2,0,36,14.333333,0,1,0,15.333333,201.555556,0,0.666667,0,224.222222,0.035953,0,0.333333,0,0.038048,0.000836,0,0,0,0.000827,0.028428,0,0.222222,0,0.029777,0.011984,0,0.111111,0,0.012683,0.000141,0,0.00823,0,0.000153,205.636853,0,22.665994,0,217.848266,8.268867,0,0,0,8.265672,187.922428,0,17.978469,0,198.962824,68.545618,0,7.555331,0,72.616089,7125.642238,0,57.983047,0,7982.672399,1,0,0,0,1,0.593524,0,0.631671,0,0.592096,27.127192,0,16.994958,0,27.388016,-16.934636,-29.251906,-19.46161,-31.107208,-16.784438,-18.421434,-31.580405,-26.771868,-33.960286,-18.276531,-15.957358,-31.750477,-19.892673,-33.908554,-15.816113,1,17,0,2,12028,11379,26,24,0,77,23.95952234
36,2,4,2,0,2,0,2,0.666667,0,0.666667,0,0.666667,206,0,13,4,223,14.976692,28.949002,25.594644,28.531344,14.972391,29,0,4,0,33,0,0,0,0,0,24,0,3,0,27,9.666667,0,1.333333,0,11,106.888889,0,1.555556,0,134,0.140777,0,0.307692,0,0.147982,0,0,0,0,0,0.116505,0,0.230769,0,0.121076,0.046926,0,0.102564,0,0.049327,0.002519,0,0.009204,0,0.002695,138.5546,0,31.655228,0,156.301965,0,0,0,0,0,132.651126,0,26.967703,0,149.222118,46.184867,0,10.551743,0,52.100655,3744.015504,0,138.404028,0,4724.643331,0,0,0,0,0,0.557209,0,0.617439,0,0.557737,22.021963,0,16.797087,0,22.165651,-21.240175,-29.251906,-19.76414,-31.107208,-21.123713,-24.976563,-31.580405,-26.379429,-33.960286,-24.731807,-22.921437,-31.750477,-20.221972,-33.908554,-22.772568,1,23,0,0,16417,9338,29,29,6,68,28.19020388
37,1,4,3,0,2,0,3,1,0,0.666667,0,1,465,2,16,8,491,14.976692,28.949002,25.594644,28.531344,14.972391,39,0,5,0,44,2,0,0,0,2,27,0,4,0,31,13,0,1.666667,0,14.666667,108.666667,0,2.888889,0,146.888889,0.083871,0,0.3125,0,0.089613,0.004301,0,0,0,0.004073,0.058065,0,0.25,0,0.063136,0.027957,0,0.104167,0,0.029871,0.000503,0,0.011285,0,0.000609,177.577197,0,40.644463,0,200.840161,11.806947,0,0,0,12.979719,149.232517,0,35.956938,0,171.329098,59.192399,0,13.548154,0,66.94672,4057.341443,0,254.738937,0,5449.942772,1,0,0,0,1,0.648253,0,0.608496,0,0.637297,37.814813,0,17.145623,0,37.799965,-12.651114,-29.251906,-20.134915,-31.107208,-12.571509,-16.990367,-31.580405,-26.099764,-33.960286,-16.800412,-12.44652,-31.750477,-20.349056,-33.908554,-12.376427,2,53,8,5,837,9338,18,16,0,0,0
38,0,4,3,1,3,0,3,1,0.333333,1,0,1,1519,2,35,9,1565,14.976692,28.949002,25.594644,28.531344,14.972391,38,1,6,0,45,10,0,2,0,13,17,1,2,0,19,12.666667,0.333333,2,0,15,9.555556,0.222222,0,0,8,0.025016,0.5,0.171429,0,0.028754,0.006583,0,0.057143,0,0.008307,0.011192,0.5,0.057143,0,0.012141,0.008339,0.166667,0.057143,0,0.009585,0.000004,0.055556,0,0,0.000003,163.558909,13.326929,51.189287,0,201.720933,20.07181,0,9.37505,0,22.419515,82.688666,13.326929,23.835768,0,107.453731,54.519636,4.44231,17.063096,0,67.240311,673.190074,39.46823,35.271014,0,1215.75027,1,0,1,0,1,0.994913,0.760765,1,0,0.997883,37.827824,17.761616,15.06857,0,39.93343,-14.588574,-20.202451,-9.857234,-31.107208,-14.108973,-16.873129,-25.194736,-19.818703,-33.960286,-16.380424,-14.751821,-22.995661,-8.89964,-33.908554,-14.301277,2,49,189,8,122,206,130,134,0,0,0
39,2,4,3,2,2,0,3,1,0.666667,0.666667,0,1,407,5,10,6,428,14.976692,28.949002,25.594644,28.531344,14.972391,36,3,2,0,41,2,0,0,0,2,27,2,1,0,30,12,1,0.666667,0,13.666667,116.666667,0.666667,0.222222,0,141.555556,0.088452,0.6,0.2,0,0.095794,0.004914,0,0,0,0.004673,0.066339,0.4,0.1,0,0.070093,0.029484,0.2,0.066667,0,0.031931,0.000704,0.026667,0.002222,0,0.000773,174.035113,25.316373,13.67676,0,192.953467,8.264863,0,0,0,10.61977,149.232517,19.3886,8.989234,0,165.802353,58.011704,8.438791,4.55892,0,64.317822,4172.025029,65.805577,13.475992,0,5155.37947,1,0,0,0,1,0.645623,0.6285,0.648144,0,0.638441,38.399991,17.574704,11.444155,0,38.471159,-12.633251,-19.100654,-21.122388,-31.107208,-12.405049,-17.218822,-27.738639,-27.445623,-33.960286,-16.929389,-12.402511,-19.408521,-20.796356,-33.908554,-12.197672,1,33,8,3,1888,9338,3,11,0,0,0
40,0,4,3,1,3,2,3,1,0.333333,1,0.666667,1,624,2,33,10,669,14.976692,28.949002,25.594644,28.531344,14.972391,34,1,6,2,43,9,0,2,0,13,13,1,2,1,16,11.333333,0.333333,2,0.666667,14.333333,2.888889,0.222222,0,0.222222,1.555556,0.054487,0.5,0.181818,0.2,0.064275,0.014423,0,0.060606,0,0.019432,0.020833,0.5,0.060606,0.1,0.023916,0.018162,0.166667,0.060606,0.066667,0.021425,0.000007,0.055556,0,0.002222,0.000003,160.440829,13.326929,51.189287,22.704086,212.401296,14.168337,0,9.37505,0,16.519643,74.419799,13.326929,23.835768,13.117374,107.453731,53.480276,4.44231,17.063096,7.568029,70.800432,773.812639,39.46823,35.271014,30.715124,1533.532273,1,0,1,0,1,0.984229,0.760765,1,0.941207,0.995183,43.993049,17.761616,15.780719,20.747509,45.683567,-12.247334,-20.202451,-9.683195,-15.277381,-11.683128,-16.244828,-25.194736,-19.815753,-23.106853,-15.582984,-12.372837,-22.995661,-8.723293,-15.026265,-11.852582,2,65,195,8,124,206,103,121,0,0,0
41,0,4,3,0,3,1,3,1,0,1,0.333333,1,814,3,36,11,864,14.976692,28.949002,25.594644,28.531344,14.972391,29,0,6,1,36,8,0,2,0,10,11,0,2,1,13,9.666667,0,2,0.333333,12,1.555556,0,0,0.222222,2,0.035627,0,0.166667,0.090909,0.041667,0.009828,0,0.055556,0,0.011574,0.013514,0,0.055556,0.090909,0.015046,0.011876,0,0.055556,0.030303,0.013889,0.000002,0,0,0.001837,0.000003,134.409877,0,51.189287,9.586712,169.844071,12.987642,0,9.37505,0,15.339668,66.150933,0,23.835768,9.586712,82.656716,44.803292,0,17.063096,3.195571,56.61469,525.84553,0,35.271014,20.423345,871.286245,1,0,1,0,1,0.993725,0,1,0.555497,0.991916,41.057714,0,14.736067,8.25816,42.74792,-13.535378,-29.251906,-9.941747,-27.465434,-13.018108,-16.910654,-31.580405,-19.820177,-30.750563,-16.330492,-13.635463,-31.750477,-8.984066,-30.258854,-13.162389,2,65,83,5,144,262,157,179,0,0,0
42,0,4,2,0,0,0,2,0.666667,0,0,0,0.666667,331,0,9,6,346,14.976692,28.949002,25.594644,28.531344,14.972391,30,0,0,0,30,0,0,0,0,0,26,0,0,0,26,10,0,0,0,10,130.666667,0,0,0,130.666667,0.090634,0,0,0,0.086705,0,0,0,0,0,0.07855,0,0,0,0.075145,0.030211,0,0,0,0.028902,0.001193,0,0,0,0.001091,148.428165,0,0,0,148.415271,0,0,0,0,0,143.705386,0,0,0,143.695373,49.476055,0,0,0,49.471757,4443.300875,0,0,0,4442.757808,0,0,0,0,0,0.555531,0,0,0,0.555651,21.549254,0,0,0,21.524703,-22.39241,-29.251906,-30.299778,-31.107208,-22.499844,-25.226827,-31.580405,-30.664309,-33.960286,-25.237143,-24.009393,-31.750477,-32.595124,-33.908554,-24.089979,2,38,4,0,797,9260,237,80,0,0,0
43,0,4,2,0,0,0,2,0.666667,0,0,0,0.666667,331,0,9,6,346,14.976692,28.949002,25.594644,28.531344,14.972391,30,0,0,0,30,0,0,0,0,0,26,0,0,0,26,10,0,0,0,10,130.666667,0,0,0,130.666667,0.090634,0,0,0,0.086705,0,0,0,0,0,0.07855,0,0,0,0.075145,0.030211,0,0,0,0.028902,0.001193,0,0,0,0.001091,148.428165,0,0,0,148.415271,0,0,0,0,0,143.705386,0,0,0,143.695373,49.476055,0,0,0,49.471757,4443.300875,0,0,0,4442.757808,0,0,0,0,0,0.555531,0,0,0,0.555651,21.549254,0,0,0,21.524703,-22.39241,-29.251906,-30.299778,-31.107208,-22.499844,-25.226827,-31.580405,-30.664309,-33.960286,-25.237143,-24.009393,-31.750477,-32.595124,-33.908554,-24.089979,2,41,8,0,868,9260,246,88,0,0,0
44,0,4,3,0,2,1,3,1,0,0.666667,0.333333,1,309,1,5,8,323,14.976692,28.949002,25.594644,28.531344,14.972391,17,0,2,1,20,1,0,0,0,1,8,0,1,1,10,5.666667,0,0.666667,0.333333,6.666667,10.888889,0,0.222222,0.222222,16.222222,0.055016,0,0.4,0.125,0.06192,0.003236,0,0,0,0.003096,0.02589,0,0.2,0.125,0.03096,0.018339,0,0.133333,0.041667,0.02064,0.000114,0,0.008889,0.003472,0.000155,81.123621,0,16.605409,5.827258,91.717534,5.52713,0,0,0,5.526745,66.150933,0,11.917884,5.827258,74.391045,27.041207,0,5.535136,1.942419,30.572511,767.344337,0,24.031882,7.545986,966.590342,1,0,0,0,1,0.877388,0,0.818532,0.337831,0.872658,37.257957,0,20.454315,6.062749,37.619137,-14.413562,-29.251906,-16.710335,-30.885768,-14.177794,-18.871977,-31.580405,-24.543175,-33.957299,-18.581921,-13.353446,-31.750477,-16.47604,-33.685492,-13.145971,1,42,390,3,11156,12901,23,148,0,9,12.7
45,0,4,3,0,3,1,3,1,0,1,0.333333,1,725,1,35,8,769,14.976692,28.949002,25.594644,28.531344,14.972391,23,0,6,1,30,5,0,2,0,7,9,0,2,1,12,7.666667,0,2,0.333333,10,3.555556,0,0,0.222222,4.666667,0.031724,0,0.171429,0.125,0.039012,0.006897,0,0.057143,0,0.009103,0.012414,0,0.057143,0.125,0.015605,0.010575,0,0.057143,0.041667,0.013004,0.000007,0,0,0.003472,0.000008,112.681703,0,51.189287,5.827258,143.769297,10.626253,0,9.37505,0,14.159694,74.419799,0,23.835768,5.827258,90.922388,37.560568,0,17.063096,1.942419,47.923099,727.521417,0,35.271014,7.545986,1024.735972,1,0,1,0,1,0.973279,0,1,0.337831,0.982548,39.839113,0,15.06857,6.062749,41.938151,-14.055812,-29.251906,-9.857234,-30.885768,-13.329139,-17.560498,-31.580405,-19.818703,-33.957299,-16.822537,-14.063481,-31.750477,-8.89964,-33.685492,-13.416869,2,53,141,8,277,2635,92,114,0,0,0
46,0,4,3,0,2,1,3,1,0,0.666667,0.333333,1,216,0,8,10,234,14.976692,28.949002,25.594644,28.531344,14.972391,12,0,2,1,15,1,0,0,0,1,6,0,1,1,7,4,0,0.666667,0.333333,5,4.666667,0,0.222222,0.222222,8,0.055556,0,0.25,0.1,0.064103,0.00463,0,0,0,0.004274,0.027778,0,0.125,0.1,0.029915,0.018519,0,0.083333,0.033333,0.021368,0.0001,0,0.003472,0.002222,0.000146,61.043803,0,16.605409,5.827258,71.646268,5.52713,0,0,0,5.526745,49.6132,0,11.917884,5.827258,57.859701,20.347934,0,5.535136,1.942419,23.882089,428.251475,0,24.031882,7.545986,578.484012,1,0,0,0,1,0.890002,0,0.818532,0.337831,0.882875,37.757166,0,15.9394,5.32508,38.192363,-14.184364,-29.251906,-17.776811,-31.107208,-13.873832,-19.411996,-31.580405,-24.54766,-33.960286,-19.015688,-13.036661,-31.750477,-17.415532,-33.908554,-12.786982,2,61,4,5,766,12901,21,96,0,0,0
47,0,4,3,0,3,1,3,1,0,1,0.333333,1,1092,6,36,11,1145,14.976692,28.949002,25.594644,28.531344,14.972391,35,0,6,1,42,8,0,2,0,10,15,0,2,1,17,11.666667,0,2,0.333333,14,8.222222,0,0,0.222222,8.666667,0.032051,0,0.166667,0.090909,0.036681,0.007326,0,0.055556,0,0.008734,0.013736,0,0.055556,0.090909,0.014847,0.010684,0,0.055556,0.030303,0.012227,0.000007,0,0,0.001837,0.000007,150.186917,0,51.189287,9.586712,185.617459,17.710421,0,9.37505,0,20.059566,66.325563,0,23.835768,9.586712,82.901177,50.062306,0,17.063096,3.195571,61.872486,523.327301,0,35.271014,20.423345,874.170109,1,0,1,0,1,0.977793,0,1,0.555497,0.979209,39.589172,0,14.736067,8.25816,41.372843,-13.887108,-29.251906,-9.941747,-27.465434,-13.423933,-16.735232,-31.580405,-19.820177,-30.750563,-16.226057,-14.024494,-31.750477,-8.984066,-30.258854,-13.595694,2,67,23,7,277,2635,134,136,0,1,1.6
48,0,4,1,0,1,0,1,0.333333,0,0.333333,0,0.333333,166,0,25,4,195,14.976692,28.949002,25.594644,28.531344,14.972391,2,0,1,0,3,0,0,0,0,0,2,0,1,0,3,0.666667,0,0.333333,0,1,0.888889,0,0.222222,0,2,0.012048,0,0.04,0,0.015385,0,0,0,0,0,0.012048,0,0.04,0,0.015385,0.004016,0,0.013333,0,0.005128,0.000032,0,0.000356,0,0.000053,2.361389,0,4.687525,0,3.539923,0,0,0,0,0,2.361389,0,4.687525,0,3.539923,0.78713,0,1.562508,0,1.179974,1.239147,0,4.882865,0,2.78468,0,0,0,0,0,0.14408,0,0.300142,0,0.144067,2.851367,0,1.999064,0,3.13075,-32.170593,-29.251906,-29.937202,-31.107208,-32.017324,-32.486359,-31.580405,-30.653957,-33.960286,-32.261557,-35.043346,-31.750477,-32.34946,-33.908554,-34.783646,2,24,11,0,9040,8756,51,17,0,10,20.13333333
49,0,4,3,0,1,1,3,1,0,0.333333,0.333333,1,772,0,2,8,782,14.976692,28.949002,25.594644,28.531344,14.972391,32,0,1,1,34,2,0,0,0,2,26,0,1,1,28,10.666667,0,0.333333,0.333333,11.333333,118.222222,0,0.222222,0.222222,139.555556,0.041451,0,0.5,0.125,0.043478,0.002591,0,0,0,0.002558,0.033679,0,0.5,0.125,0.035806,0.013817,0,0.166667,0.041667,0.014493,0.000198,0,0.055556,0.003472,0.000228,164.965898,0,8.989234,9.586712,176.000104,4.722779,0,0,0,4.719898,143.705386,0,8.989234,9.586712,154.748863,54.988633,0,2.996411,3.195571,58.666701,3958.596703,0,17.956964,20.423345,4639.142605,1,0,0,0,1,0.645796,0,0.574461,0.555497,0.639408,33.636192,0,15.448751,9.974131,33.811799,-15.201286,-29.251906,-22.762715,-27.147041,-15.163098,-18.110426,-31.580405,-27.714032,-30.746085,-18.045949,-14.908654,-31.750477,-25.556018,-29.940404,-14.87287,2,39,10,2,802,11439,17,18,0,0,0
50,0,4,3,0,2,0,3,1,0,0.666667,0,1,253,1,9,10,273,14.976692,28.949002,25.594644,28.531344,14.972391,22,0,3,0,25,1,0,0,0,1,17,0,2,0,18,7.333333,0,1,0,8.333333,48.222222,0,0.666667,0,50.888889,0.086957,0,0.333333,0,0.091575,0.003953,0,0,0,0.003663,0.067194,0,0.222222,0,0.065934,0.028986,0,0.111111,0,0.030525,0.000753,0,0.00823,0,0.000683,58.674407,0,28.523293,0,76.360315,5.52713,0,0,0,5.526745,33.075466,0,23.835768,0,49.59403,19.558136,0,9.507764,0,25.453438,126.617068,0,106.307993,0,332.53273,1,0,0,0,1,0.812328,0,0.805181,0,0.845272,35.724777,0,21.166379,0,37.23062,-13.809666,-29.251906,-16.663837,-31.107208,-13.504366,-18.82887,-31.580405,-23.85715,-33.960286,-18.397018,-12.695113,-31.750477,-16.95778,-33.908554,-12.460678,2,60,84,0,153,4891,9,59,0,0,0
51,2,4,2,0,2,0,2,0.666667,0,0.666667,0,0.666667,1016,0,8,4,1028,14.976692,28.949002,25.594644,28.531344,14.972391,47,0,3,0,50,0,0,0,0,0,39,0,2,0,41,15.666667,0,1,0,16.666667,282.888889,0,0.666667,0,309.555556,0.04626,0,0.375,0,0.048638,0,0,0,0,0,0.038386,0,0.25,0,0.039883,0.01542,0,0.125,0,0.016213,0.000274,0,0.010417,0,0.000293,225.003637,0,22.665994,0,237.21632,0,0,0,0,0,215.55808,0,17.978469,0,226.59655,75.001212,0,7.555331,0,79.072107,9892.986202,0,57.983047,0,10900.52722,0,0,0,0,0,0.557114,0,0.631671,0,0.557658,21.011188,0,18.04264,0,21.181505,-23.973478,-29.251906,-19.245314,-31.107208,-23.825306,-25.053965,-31.580405,-26.770374,-33.960286,-24.908249,-25.149939,-31.750477,-19.657279,-33.908554,-24.999001,2,21,1067,1,6930,8855,4,95,0,0,0
52,1,4,2,0,2,0,2,0.666667,0,0.666667,0,0.666667,424,0,7,5,436,14.976692,28.949002,25.594644,28.531344,14.972391,46,0,4,0,50,0,0,0,0,0,31,0,2,0,33,15.333333,0,1.333333,0,16.666667,160.222222,0,0.888889,0,181.555556,0.108491,0,0.571429,0,0.114679,0,0,0,0,0,0.073113,0,0.285714,0,0.075688,0.036164,0,0.190476,0,0.038226,0.000891,0,0.018141,0,0.000955,189.051458,0,27.353519,0,202.442155,0,0,0,0,0,171.341038,0,17.978469,0,182.382589,63.017153,0,9.11784,0,67.480718,5919.308504,0,53.903969,0,6668.284277,0,0,0,0,0,0.563925,0,0.648144,0,0.564617,22.194549,0,21.868005,0,22.280764,-21.697399,-29.251906,-17.735649,-31.107208,-21.55401,-24.07927,-31.580405,-26.550148,-33.960286,-23.909643,-23.011731,-31.750477,-18.697842,-33.908554,-22.87239,1,28,0,0,34318,6542,10,13,0,1,13
53,0,4,3,1,2,0,3,1,0.333333,0.666667,0,1,251,2,11,6,270,14.976692,28.949002,25.594644,28.531344,14.972391,50,1,4,0,55,1,0,0,0,1,48,1,3,0,52,16.666667,0.333333,1.333333,0,18.333333,490.888889,0.222222,1.555556,0,566.888889,0.199203,0.5,0.363636,0,0.203704,0.003984,0,0,0,0.003704,0.191235,0.5,0.272727,0,0.192593,0.066401,0.166667,0.121212,0,0.067901,0.007792,0.055556,0.012856,0,0.007776,274.751813,9.6943,38.885587,0,305.102064,1.180695,0,0,0,1.179974,265.302252,9.6943,26.967703,0,287.390746,91.583938,3.231433,12.961862,0,101.700688,15097.40001,20.884324,121.754449,0,17279.67623,1,0,0,0,1,0.576294,0.553646,0.833235,0,0.597307,34.640003,12.920189,24.00251,0,39.332517,-14.88801,-23.847647,-12.602336,-31.107208,-13.554253,-18.337494,-28.798134,-20.575815,-33.960286,-17.587386,-12.999445,-26.640953,-12.6832,-33.908554,-12.443439,2,38,734,4,38401,23991,7,21,0,12,11.16666667
54,1,4,3,0,3,2,3,1,0,1,0.666667,1,294,2,11,11,318,14.976692,28.949002,25.594644,28.531344,14.972391,31,0,5,2,38,4,0,1,0,5,21,0,3,1,25,10.333333,0,1.666667,0.666667,12.666667,57.555556,0,0.888889,0.222222,77.555556,0.105442,0,0.454545,0.181818,0.119497,0.013605,0,0.090909,0,0.015723,0.071429,0,0.272727,0.090909,0.078616,0.035147,0,0.151515,0.060606,0.039832,0.000666,0,0.007346,0.001837,0.000767,156.22937,0,43.573113,15.41397,188.936782,7.084168,0,4.687525,0,9.439796,116.069735,0,26.967703,9.586712,138.168628,52.076457,0,14.524371,5.13799,62.978927,2160.161109,0,86.131276,15.555054,2996.225602,1,0,1,0,1,0.762807,0,0.870077,0.650159,0.771869,43.972468,0,27.688429,13.277861,45.157512,-11.160632,-29.251906,-8.736709,-22.793431,-10.635675,-16.756679,-31.580405,-20.295442,-29.892241,-16.155702,-11.139935,-31.750477,-6.409258,-22.551277,-10.690966,3,62,367,6,954,2542,22,75,0,0,0
55,0,4,3,1,3,1,3,1,0.333333,1,0.333333,1,1536,3,44,9,1592,14.976692,28.949002,25.594644,28.531344,14.972391,118,1,6,1,126,25,0,2,0,29,48,1,2,1,50,39.333333,0.333333,2,0.333333,42,104.222222,0.222222,0,0.222222,86,0.076823,0.333333,0.136364,0.111111,0.079146,0.016276,0,0.045455,0,0.018216,0.03125,0.333333,0.045455,0.111111,0.031407,0.025608,0.111111,0.045455,0.037037,0.026382,0.000044,0.024691,0,0.002743,0.000034,525.155179,13.326929,51.189287,13.117374,571.500533,53.131263,0,9.37505,0,55.4588,265.302252,13.326929,23.835768,13.117374,276.337256,175.051726,4.44231,17.063096,4.372458,190.500178,8004.247255,39.46823,35.271014,38.236777,9341.74686,1,0,1,0,1,0.94969,0.760765,1,0.759798,0.964775,46.361735,14.625737,12.525047,12.763432,46.865668,-11.167639,-20.607914,-10.545413,-23.675547,-11.037289,-13.58052,-25.196235,-19.831942,-27.174897,-13.396255,-11.42712,-23.401126,-9.585384,-26.46876,-11.301831,2,48,189,8,549,2650,91,114,0,0,0
56,0,4,3,0,2,0,3,1,0,0.666667,0,1,251,1,9,8,269,14.976692,28.949002,25.594644,28.531344,14.972391,15,0,3,0,18,1,0,0,0,1,10,0,2,0,11,5,0,1,0,6,14,0,0.666667,0,16.666667,0.059761,0,0.333333,0,0.066914,0.003984,0,0,0,0.003717,0.039841,0,0.222222,0,0.040892,0.01992,0,0.111111,0,0.022305,0.000222,0,0.00823,0,0.00023,50.409544,0,28.523293,0,68.100494,5.52713,0,0,0,5.526745,33.075466,0,23.835768,0,49.59403,16.803181,0,9.507764,0,22.700165,138.966314,0,106.307993,0,370.897792,1,0,0,0,1,0.885192,0,0.805181,0,0.880586,35.609402,0,21.166379,0,37.163417,-14.341456,-29.251906,-16.663837,-31.107208,-13.973754,-19.299057,-31.580405,-23.85715,-33.960286,-18.833979,-13.201039,-31.750477,-16.95778,-33.908554,-12.908062,2,52,872,1,8871,4891,9,59,0,0,0
57,2,4,2,1,2,2,3,0.666667,0.333333,0.666667,0.666667,1,251,3,10,11,275,14.976692,28.949002,25.594644,28.531344,14.972391,19,1,3,2,25,0,0,0,0,1,17,1,2,1,21,6.333333,0.333333,1,0.666667,8.333333,57.555556,0.222222,0.666667,0.222222,80.888889,0.075697,0.333333,0.3,0.181818,0.090909,0,0,0,0,0.003636,0.067729,0.333333,0.2,0.090909,0.076364,0.025232,0.111111,0.1,0.060606,0.030303,0.000914,0.024691,0.006667,0.001837,0.00107,110.498947,9.6943,29.896353,15.41397,142.038637,0,0,0,0,1.179974,93.961214,9.6943,17.978469,9.586712,116.061647,36.832982,3.231433,9.965451,5.13799,47.346212,1677.400199,20.884324,55.776888,15.555054,2453.866277,0,0,0,0,1,0.684342,0.553646,0.899549,0.650159,0.711599,36.822356,10.639081,22.113441,13.277861,41.206532,-16.398809,-24.253061,-12.481412,-22.793431,-14.02242,-19.172652,-28.799632,-20.972728,-29.892241,-18.09475,-17.18218,-27.046415,-12.898042,-22.551277,-12.999305,3,67,367,6,153,2542,20,32,0,0,0
58,0,4,3,0,3,2,3,1,0,1,0.666667,1,254,2,9,9,274,14.976692,28.949002,25.594644,28.531344,14.972391,34,0,5,2,41,4,0,1,0,5,21,0,2,1,24,11.333333,0,1.666667,0.666667,13.666667,50.888889,0,0.222222,0.222222,61.555556,0.133858,0,0.555556,0.222222,0.149635,0.015748,0,0.111111,0,0.018248,0.082677,0,0.222222,0.111111,0.087591,0.044619,0,0.185185,0.074074,0.049878,0.000789,0,0.002743,0.002743,0.00082,159.771454,0,39.271403,15.41397,188.129935,10.626253,0,9.37505,0,14.159694,116.069735,0,17.978469,9.586712,132.641883,53.257151,0,13.090468,5.13799,62.709978,2056.704874,0,13.023945,15.555054,2568.258354,1,0,1,0,1,0.765517,0,0.944573,0.650159,0.781843,44.707777,0,30.136341,14.99806,45.783207,-10.280928,-29.251906,-7.265011,-22.393833,-9.799766,-16.370403,-31.580405,-20.47213,-29.889256,-15.790239,-10.297552,-31.750477,-5.520677,-22.15002,-9.881041,3,54,367,6,1279,2542,24,95,0,0,0
59,1,4,3,2,2,2,3,1,0.666667,0.666667,0.666667,1,340,7,19,11,377,14.976692,28.949002,25.594644,28.531344,14.972391,102,3,6,2,113,6,0,0,0,7,52,2,4,1,59,34,1,2,0.666667,37.666667,402.666667,0.666667,2.666667,0.222222,494.222222,0.3,0.428571,0.315789,0.181818,0.299735,0.017647,0,0,0,0.018568,0.152941,0.285714,0.210526,0.090909,0.156499,0.1,0.142857,0.105263,0.060606,0.099912,0.003483,0.013605,0.007387,0.001837,0.003477,388.97454,25.316373,45.331988,22.704086,439.396463,49.6132,0,0,0,55.4588,287.410773,19.3886,35.956938,13.117374,326.077962,129.65818,8.438791,15.110663,7.568029,146.465488,12443.85079,65.805577,231.932187,30.715124,16131.28109,1,0,0,0,1,0.697029,0.6285,0.631671,0.941207,0.70041,46.613791,14.347735,17.431926,19.557693,47.065035,-8.111601,-19.699781,-18.918429,-15.46798,-8.053799,-13.710676,-27.74163,-25.885492,-23.108345,-13.413481,-8.275037,-20.081232,-20.000721,-15.216884,-8.238505,2,69,28,7,153,2650,26,6,0,0,0
60,2,4,2,1,1,0,2,0.666667,0.333333,0.333333,0,0.666667,275,5,3,10,293,14.976692,28.949002,25.594644,28.531344,14.972391,27,2,1,0,30,0,0,0,0,0,26,2,1,0,29,9,0.666667,0.333333,0,10,144.666667,0.888889,0.222222,0,180.666667,0.098182,0.4,0.333333,0,0.102389,0,0,0,0,0,0.094545,0.4,0.333333,0,0.098976,0.032727,0.133333,0.111111,0,0.03413,0.001913,0.035556,0.024691,0,0.002104,144.886081,19.3886,8.989234,0,161.455583,0,0,0,0,0,143.705386,19.3886,8.989234,0,160.275608,48.29536,6.462867,2.996411,0,53.818528,4551.76887,83.537294,17.956964,0,5666.787068,0,0,0,0,0,0.5516,0.553646,0.574461,0,0.551577,20.431477,12.766898,13.650537,0,20.470902,-24.150233,-23.743943,-23.168129,-31.107208,-24.162026,-25.925563,-28.130771,-27.71553,-33.960286,-25.82975,-25.008395,-26.864095,-25.961481,-33.908554,-25.016656,2,71,3181,16,39773,26970,4,8,0,0,0
61,2,4,3,0,3,1,3,1,0,1,0.333333,1,892,6,34,14,946,14.976692,28.949002,25.594644,28.531344,14.972391,24,0,5,1,30,6,0,1,0,8,9,0,2,1,11,8,0,1.666667,0.333333,10,2,0,0.222222,0.222222,2,0.026906,0,0.147059,0.071429,0.031712,0.006726,0,0.029412,0,0.008457,0.01009,0,0.058824,0.071429,0.011628,0.008969,0,0.04902,0.02381,0.010571,0.000003,0,0.000192,0.001134,0.000002,131.24814,0,42.200053,9.586712,161.15638,7.084168,0,8.989234,0,9.439796,74.419799,0,23.835768,9.586712,90.922388,43.74938,0,14.066684,3.195571,53.718793,773.649965,0,47.742308,20.423345,1131.599464,1,0,1,0,1,0.998857,0,0.962572,0.555497,0.999236,40.198357,0,12.964064,7.045958,41.787924,-14.45986,-29.251906,-11.237335,-27.706535,-13.889465,-17.486683,-31.580405,-20.489491,-30.755035,-16.906388,-14.497186,-31.750477,-9.505871,-30.500014,-13.987101,2,87,89,7,153,2650,105,118,0,6,15.3
62,0,4,3,1,2,0,3,1,0.333333,0.666667,0,1,983,7,37,12,1039,14.976692,28.949002,25.594644,28.531344,14.972391,24,1,3,0,28,2,0,0,0,2,15,1,2,0,18,8,0.333333,1,0,9.333333,28.666667,0.222222,0.666667,0,43.555556,0.024415,0.142857,0.081081,0,0.026949,0.002035,0,0,0,0.001925,0.015259,0.142857,0.054054,0,0.017324,0.008138,0.047619,0.027027,0,0.008983,0.00003,0.004535,0.000487,0,0.00004,86.646748,5.927773,21.292934,0,98.418404,11.05426,0,0,0,11.05349,57.882066,5.927773,11.917884,0,66.125373,28.882249,1.975924,7.097645,0,32.806135,427.87877,7.808553,26.265948,0,572.378427,1,0,0,0,1,0.904765,0.338693,0.783858,0,0.892878,31.977319,3.812813,6.29112,0,32.546753,-15.878983,-29.251906,-19.449825,-31.107208,-15.711531,-18.543363,-31.580405,-24.371945,-33.960286,-18.298868,-15.634438,-31.750477,-19.783536,-33.908554,-15.485418,2,65,44,7,153,2650,78,86,0,1,0.6
63,0,4,3,0,2,0,3,1,0,0.666667,0,1,183,0,38,4,225,14.976692,28.949002,25.594644,28.531344,14.972391,14,0,7,0,21,1,0,0,0,1,12,0,6,0,18,4.666667,0,2.333333,0,7,26.888889,0,6.888889,0,60.666667,0.076503,0,0.184211,0,0.093333,0.005464,0,0,0,0.004444,0.065574,0,0.157895,0,0.08,0.025501,0,0.061404,0,0.031111,0.000803,0,0.004771,0,0.001198,27.964334,0,40.043035,0,43.297629,5.52713,0,0,0,5.526745,14.168337,0,28.125151,0,21.239541,9.321445,0,13.347678,0,14.432543,12.999035,0,132.859509,0,43.351138,1,0,0,0,1,0.616604,0,0.573034,0,0.650442,28.730081,0,9.463188,0,32.555449,-15.603944,-29.251906,-18.65633,-31.107208,-14.333165,-20.433268,-31.580405,-23.793522,-33.960286,-19.431275,-13.458054,-31.750477,-18.740344,-33.908554,-12.979469,1,15,0,0,1006,158,25,67,0,340,28.98646376
64,0,4,3,0,3,2,3,1,0,1,0.666667,1,276,2,8,9,295,14.976692,28.949002,25.594644,28.531344,14.972391,39,0,3,2,44,4,0,1,0,5,30,0,1,1,32,13,0,1,0.666667,14.666667,144.666667,0,0,0.222222,150.888889,0.141304,0,0.375,0.222222,0.149153,0.014493,0,0.125,0,0.016949,0.108696,0,0.125,0.111111,0.108475,0.047101,0,0.125,0.074074,0.049718,0.001899,0,0,0.002743,0.001734,204.792847,0,25.594644,15.41397,226.444023,5.903474,0,4.687525,0,8.259821,165.813907,0,11.917884,9.586712,176.855844,68.264282,0,8.531548,5.13799,75.481341,4881.017523,0,8.817753,15.555054,5320.649572,1,0,1,0,1,0.705878,0,1,0.650159,0.729809,44.399303,0,24.568095,14.99806,45.538515,-10.811425,-29.251906,-9.821387,-22.393833,-10.304095,-16.518204,-31.580405,-21.361632,-29.889256,-15.989306,-10.77551,-31.750477,-6.553014,-22.15002,-10.352204,3,53,367,6,968,2542,42,90,0,0,0
65,1,4,3,0,2,0,3,1,0,0.666667,0,1,242,1,9,8,260,14.976692,28.949002,25.594644,28.531344,14.972391,19,0,3,0,22,2,0,0,0,2,13,0,2,0,14,6.333333,0,1,0,7.333333,22.888889,0,0.666667,0,24.888889,0.078512,0,0.333333,0,0.084615,0.008264,0,0,0,0.007692,0.053719,0,0.222222,0,0.053846,0.026171,0,0.111111,0,0.028205,0.000391,0,0.00823,0,0.000368,59.478758,0,28.523293,0,77.167163,11.05426,0,0,0,11.05349,33.075466,0,23.835768,0,49.59403,19.826253,0,9.507764,0,25.722388,90.845007,0,106.307993,0,289.907454,1,0,0,0,1,0.908405,0,0.805181,0,0.910231,39.156175,0,21.166379,0,40.680208,-12.494647,-29.251906,-16.663837,-31.107208,-12.158032,-18.37475,-31.580405,-23.85715,-33.960286,-17.926468,-12.136715,-31.750477,-16.95778,-33.908554,-11.872359,2,51,872,4,8724,4891,11,55,0,0,0
66,0,4,3,0,3,2,3,1,0,1,0.666667,1,1557,0,27,9,1593,14.976692,28.949002,25.594644,28.531344,14.972391,190,0,4,2,196,31,0,1,0,33,126,0,2,1,129,63.333333,0,1.333333,0.666667,65.333333,1964.222222,0,0.222222,0.222222,2026.888889,0.12203,0,0.148148,0.222222,0.123038,0.01991,0,0.037037,0,0.020716,0.080925,0,0.074074,0.111111,0.080979,0.040677,0,0.049383,0.074074,0.041013,0.00081,0,0.000305,0.002743,0.000799,587.497698,0,30.282169,18.944632,612.893205,148.767536,0,8.989234,0,152.216708,256.334864,0,11.917884,13.117374,272.767164,195.832566,0,10.094056,6.314877,204.297735,2018.735109,0,1.687983,28.796469,2556.358584,1,0,1,0,1,0.927936,0,0.967197,0.831518,0.932684,46.601263,0,11.736619,18.433455,46.836968,-10.332472,-29.251906,-12.01379,-18.804575,-10.283009,-12.750066,-31.580405,-21.171153,-26.316575,-12.664624,-10.599708,-31.750477,-9.508062,-18.560594,-10.552374,2,61,0,9,120,392,162,169,0,0,0
67,2,4,3,1,2,1,3,1,0.333333,0.666667,0.333333,1,182,1,9,8,200,14.976692,28.949002,25.594644,28.531344,14.972391,18,1,3,1,23,4,0,0,0,5,10,1,2,1,12,6,0.333333,1,0.333333,7.666667,8,0.222222,0.666667,0.222222,9.555556,0.098901,1,0.333333,0.125,0.115,0.021978,0,0,0,0.025,0.054945,1,0.222222,0.125,0.06,0.032967,0.333333,0.111111,0.041667,0.038333,0.000242,0.222222,0.00823,0.003472,0.000239,93.069548,9.6943,28.523293,9.586712,121.814843,4.722779,0,0,0,5.899872,55.271302,9.6943,23.835768,9.586712,66.320941,31.023183,3.231433,9.507764,3.195571,40.604948,427.964806,20.884324,106.307993,20.423345,648.852726,1,0,0,0,1,0.903647,0.553646,0.805181,0.555497,0.94213,44.484188,16.446442,21.166379,9.974131,46.264209,-10.978289,-23.154551,-16.663837,-27.414124,-10.330799,-17.653643,-28.796635,-23.85715,-30.746085,-16.925024,-10.84892,-25.947808,-16.95778,-29.940404,-10.321389,2,54,872,4,8346,4861,10,55,0,0,0
68,0,4,3,0,2,1,3,1,0,0.666667,0.333333,1,320,0,10,6,336,14.976692,28.949002,25.594644,28.531344,14.972391,19,0,3,1,23,1,0,0,0,1,10,0,2,1,13,6.333333,0,1,0.333333,7.666667,14.888889,0,0.666667,0.222222,24.888889,0.059375,0,0.3,0.166667,0.068452,0.003125,0,0,0,0.002976,0.03125,0,0.2,0.166667,0.03869,0.019792,0,0.1,0.055556,0.022817,0.000145,0,0.006667,0.006173,0.00022,83.48501,0,21.292934,5.827258,95.257458,5.52713,0,0,0,5.526745,66.150933,0,11.917884,5.827258,74.391045,27.828337,0,7.097645,1.942419,31.752486,740.883364,0,26.265948,7.545986,925.072251,1,0,0,0,1,0.876325,0,0.783858,0.337831,0.870062,37.176277,0,16.303466,7.037657,37.518758,-14.278597,-29.251906,-16.864659,-30.599792,-14.018881,-18.696608,-31.580405,-24.331915,-33.95431,-18.368388,-13.235806,-31.750477,-17.169186,-33.397892,-13.002534,1,30,0,3,33146,12941,15,162,0,88,25.86987734
69,0,4,2,0,1,0,2,0.666667,0,0.333333,0,0.666667,163,0,6,4,173,14.976692,28.949002,25.594644,28.531344,14.972391,7,0,1,0,8,0,0,0,0,0,5,0,1,0,6,2.333333,0,0.333333,0,2.666667,4.222222,0,0.222222,0,6.222222,0.042945,0,0.166667,0,0.046243,0,0,0,0,0,0.030675,0,0.166667,0,0.034682,0.014315,0,0.055556,0,0.015414,0.000159,0,0.006173,0,0.000208,16.957734,0,4.687525,0,18.133337,0,0,0,0,0,11.05426,0,4.687525,0,11.05349,5.652578,0,1.562508,0,6.044446,20.397587,0,4.882865,0,20.899302,0,0,0,0,0,0.539221,0,0.300142,0,0.521763,16.888416,0,5.275888,0,16.901876,-23.811923,-29.251906,-28.930031,-31.107208,-23.737638,-27.391986,-31.580405,-30.625676,-33.960286,-27.255619,-24.938751,-31.750477,-30.925596,-33.908554,-24.868129,1,19,0,0,9483,6294,47,193,0,13,22.56666667
70,0,4,3,0,2,1,3,1,0,0.666667,0.333333,1,320,2,10,8,340,14.976692,28.949002,25.594644,28.531344,14.972391,19,0,3,1,23,1,0,0,0,1,10,0,2,1,13,6.333333,0,1,0.333333,7.666667,14.888889,0,0.666667,0.222222,24.888889,0.059375,0,0.3,0.125,0.067647,0.003125,0,0,0,0.002941,0.03125,0,0.2,0.125,0.038235,0.019792,0,0.1,0.041667,0.022549,0.000145,0,0.006667,0.003472,0.000215,83.48501,0,21.292934,5.827258,95.257458,5.52713,0,0,0,5.526745,66.150933,0,11.917884,5.827258,74.391045,27.828337,0,7.097645,1.942419,31.752486,740.883364,0,26.265948,7.545986,925.072251,1,0,0,0,1,0.876325,0,0.783858,0.337831,0.870062,37.176277,0,16.303466,6.062749,37.458707,-14.278597,-29.251906,-16.864659,-30.885768,-14.054241,-18.696608,-31.580405,-24.331915,-33.957299,-18.37352,-13.235806,-31.750477,-17.169186,-33.685492,-13.038005,2,42,392,2,11488,12941,32,174,0,0,0
71,1,4,3,0,2,0,3,1,0,0.666667,0,1,337,1,13,8,359,14.976692,28.949002,25.594644,28.531344,14.972391,37,0,5,0,42,2,0,0,0,2,27,0,4,0,31,12.333333,0,1.666667,0,14,113.555556,0,2.888889,0,152.666667,0.109792,0,0.384615,0,0.116992,0.005935,0,0,0,0.005571,0.080119,0,0.307692,0,0.086351,0.036597,0,0.128205,0,0.038997,0.001,0,0.017094,0,0.001185,175.215808,0,40.644463,0,198.480212,9.445558,0,0,0,10.61977,149.232517,0,35.956938,0,171.329098,58.405269,0,13.548154,0,66.160071,4133.177594,0,254.738937,0,5536.086652,1,0,0,0,1,0.646561,0,0.608496,0,0.635777,39.493291,0,19.044887,0,39.44698,-11.925905,-29.251906,-19.633282,-31.107208,-11.846944,-17.020023,-31.580405,-26.095296,-33.960286,-16.810133,-11.704192,-31.750477,-19.934293,-33.908554,-11.638158,2,53,7,3,784,9067,16,17,0,0,0
72,0,4,3,0,2,0,3,1,0,0.666667,0,1,800,0,12,4,816,14.976692,28.949002,25.594644,28.531344,14.972391,149,0,2,0,151,6,0,0,0,6,122,0,1,0,123,49.666667,0,0.666667,0,50.333333,2653.555556,0,0.222222,0,2682.888889,0.18625,0,0.166667,0,0.185049,0.0075,0,0,0,0.007353,0.1525,0,0.083333,0,0.150735,0.062083,0,0.055556,0,0.061683,0.004146,0,0.001543,0,0.004029,309.727691,0,13.67676,0,316.319283,49.6132,0,0,0,49.59403,144.044757,0,8.989234,0,145.136861,103.242564,0,4.55892,0,105.439761,1568.487997,0,13.475992,0,1651.794575,1,0,0,0,1,0.599298,0,0.648144,0,0.60277,42.018633,0,10.14303,0,42.110596,-10.575998,-29.251906,-21.371099,-31.107208,-10.579103,-14.157714,-31.580405,-27.448607,-33.960286,-14.120213,-10.728983,-31.750477,-21.160652,-33.908554,-10.733699,1,15,0,6,4743,266,92,125,0,9,22.78
73,1,4,3,0,2,0,3,1,0,0.666667,0,1,359,0,9,4,372,14.976692,28.949002,25.594644,28.531344,14.972391,15,0,3,0,18,4,0,0,0,4,7,0,2,0,8,5,0,1,0,6,2,0,0.666667,0,2.666667,0.041783,0,0.333333,0,0.048387,0.011142,0,0,0,0.010753,0.019499,0,0.222222,0,0.021505,0.013928,0,0.111111,0,0.016129,0.000016,0,0.00823,0,0.000019,63.44885,0,28.523293,0,81.140806,8.264863,0,0,0,9.439796,33.075466,0,23.835768,0,49.59403,21.149617,0,9.507764,0,27.046935,103.054088,0,106.307993,0,280.928661,1,0,0,0,1,0.994502,0,0.805181,0,0.983882,39.480574,0,21.166379,0,41.470324,-13.406254,-29.251906,-16.663837,-31.107208,-12.893523,-18.370169,-31.580405,-23.85715,-33.960286,-17.870245,-13.242943,-31.750477,-16.95778,-33.908554,-12.811058,2,22,931,5,27361,4861,21,67,0,0,0
74,1,4,3,0,2,0,3,1,0,0.666667,0,1,389,6,13,9,417,14.976692,28.949002,25.594644,28.531344,14.972391,24,0,3,0,27,1,0,0,0,1,18,0,2,0,19,8,0,1,0,9,52.666667,0,0.666667,0,56,0.061697,0,0.230769,0,0.064748,0.002571,0,0,0,0.002398,0.046272,0,0.153846,0,0.045564,0.020566,0,0.076923,0,0.021583,0.000348,0,0.003945,0,0.000322,68.123968,0,28.523293,0,85.805962,5.52713,0,0,0,5.526745,41.344333,0,23.835768,0,57.859701,22.707989,0,9.507764,0,28.601987,214.871219,0,106.307993,0,475.567865,1,0,0,0,1,0.829556,0,0.805181,0,0.848973,34.266151,0,17.222283,0,35.523135,-14.775139,-29.251906,-17.399841,-31.107208,-14.545431,-18.729185,-31.580405,-23.863117,-33.960286,-18.377372,-13.704618,-31.750477,-17.692544,-33.908554,-13.522521,4,61,1411,4,144,6017,2,20,0,0,0
75,2,4,2,0,1,0,2,0.666667,0,0.333333,0,0.666667,259,0,6,4,269,14.976692,28.949002,25.594644,28.531344,14.972391,20,0,2,0,22,0,0,0,0,0,17,0,2,0,19,6.666667,0,0.666667,0,7.333333,54.888889,0,0.888889,0,69.555556,0.07722,0,0.333333,0,0.081784,0,0,0,0,0,0.065637,0,0.333333,0,0.070632,0.02574,0,0.111111,0,0.027261,0.000818,0,0.024691,0,0.000961,97.503298,0,17.978469,0,108.548081,0,0,0,0,0,93.961214,0,17.978469,0,105.008157,32.501099,0,5.992823,0,36.182694,1890.76391,0,71.827854,0,2370.56073,0,0,0,0,0,0.556242,0,0.574461,0,0.555779,21.155085,0,15.311314,0,21.256018,-22.907386,-29.251906,-22.759676,-31.107208,-22.883663,-25.754663,-31.580405,-27.047757,-33.960286,-25.647633,-24.231063,-31.750477,-25.961481,-33.908554,-24.187586,1,19,0,0,2417,721,14,113,0,13,47.9
76,0,4,3,0,2,0,3,1,0,0.666667,0,1,252,1,9,8,270,14.976692,28.949002,25.594644,28.531344,14.972391,18,0,3,0,21,2,0,0,0,2,12,0,2,0,13,6,0,1,0,7,18.666667,0,0.666667,0,20.666667,0.071429,0,0.333333,0,0.077778,0.007937,0,0,0,0.007407,0.047619,0,0.222222,0,0.048148,0.02381,0,0.111111,0,0.025926,0.000294,0,0.00823,0,0.000283,58.298064,0,28.523293,0,75.987188,11.05426,0,0,0,11.05349,33.075466,0,23.835768,0,49.59403,19.432688,0,9.507764,0,25.329063,94.678948,0,106.307993,0,297.456199,1,0,0,0,1,0.918605,0,0.805181,0,0.915113,38.920722,0,21.166379,0,40.478976,-12.700157,-29.251906,-16.663837,-31.107208,-12.348727,-18.45916,-31.580405,-23.85715,-33.960286,-18.006026,-12.338017,-31.750477,-16.95778,-33.908554,-12.059488,2,53,872,4,8448,4861,16,61,0,0,0
77,0,4,3,0,2,0,3,1,0,0.666667,0,1,328,0,13,7,348,14.976692,28.949002,25.594644,28.531344,14.972391,23,0,3,0,26,1,0,0,0,1,17,0,2,0,18,7.666667,0,1,0,8.666667,46.222222,0,0.666667,0,49.555556,0.070122,0,0.230769,0,0.074713,0.003049,0,0,0,0.002874,0.051829,0,0.153846,0,0.051724,0.023374,0,0.076923,0,0.024904,0.00043,0,0.003945,0,0.000409,66.943274,0,28.523293,0,84.625987,5.52713,0,0,0,5.526745,41.344333,0,23.835768,0,57.859701,22.314425,0,9.507764,0,28.208662,216.32666,0,106.307993,0,480.740714,1,0,0,0,1,0.838129,0,0.805181,0,0.853774,35.31289,0,17.222283,0,36.550131,-14.324272,-29.251906,-17.399841,-31.107208,-14.060305,-18.704015,-31.580405,-23.863117,-33.960286,-18.34028,-13.25036,-31.750477,-17.692544,-33.908554,-13.034256,4,50,1,4,144,6017,2,22,0,0,0
78,0,4,2,0,2,2,2,0.666667,0,0.666667,0.666667,0.666667,438,0,11,7,456,14.976692,28.949002,25.594644,28.531344,14.972391,40,0,5,2,47,0,0,0,0,0,24,0,3,1,28,13.333333,0,1.666667,0.666667,15.666667,99.555556,0,1.555556,0.222222,136.222222,0.091324,0,0.454545,0.285714,0.10307,0,0,0,0,0,0.054795,0,0.272727,0.142857,0.061404,0.030441,0,0.151515,0.095238,0.034357,0.000519,0,0.012856,0.004535,0.000655,151.542242,0,36.342754,15.41397,177.168378,0,0,0,0,0,132.651126,0,26.967703,9.586712,154.748863,50.514081,0,12.114251,5.13799,59.056126,3432.726152,0,124.961114,15.555054,4662.322405,0,0,0,0,0,0.566759,0,0.641221,0.650159,0.567014,21.937339,0,20.650654,17.230315,22.131519,-21.79385,-29.251906,-18.048579,-21.892949,-21.562404,-24.293695,-31.580405,-26.157715,-29.886268,-23.996146,-23.268169,-31.750477,-19.196004,-21.647474,-23.015309,2,45,2,0,1658,6464,10,44,0,0,0
79,0,4,3,0,2,0,3,1,0,0.666667,0,1,465,2,16,8,491,14.976692,28.949002,25.594644,28.531344,14.972391,39,0,5,0,44,2,0,0,0,2,27,0,4,0,31,13,0,1.666667,0,14.666667,108.666667,0,2.888889,0,146.888889,0.083871,0,0.3125,0,0.089613,0.004301,0,0,0,0.004073,0.058065,0,0.25,0,0.063136,0.027957,0,0.104167,0,0.029871,0.000503,0,0.011285,0,0.000609,177.577197,0,40.644463,0,200.840161,11.806947,0,0,0,12.979719,149.232517,0,35.956938,0,171.329098,59.192399,0,13.548154,0,66.94672,4057.341443,0,254.738937,0,5449.942772,1,0,0,0,1,0.648253,0,0.608496,0,0.637297,37.814813,0,17.145623,0,37.799965,-12.651114,-29.251906,-20.134915,-31.107208,-12.571509,-16.990367,-31.580405,-26.099764,-33.960286,-16.800412,-12.44652,-31.750477,-20.349056,-33.908554,-12.376427,2,53,7,5,783,9067,20,16,0,0,0
80,0,4,1,0,0,0,1,0.333333,0,0,0,0.333333,286,0,8,4,298,14.976692,28.949002,25.594644,28.531344,14.972391,3,0,0,0,3,0,0,0,0,0,3,0,0,0,3,1,0,0,0,1,2,0,0,0,2,0.01049,0,0,0,0.010067,0,0,0,0,0,0.01049,0,0,0,0.010067,0.003497,0,0,0,0.003356,0.000024,0,0,0,0.000023,3.542084,0,0,0,3.539923,0,0,0,0,0,3.542084,0,0,0,3.539923,1.180695,0,0,0,1.179974,2.78808,0,0,0,2.78468,0,0,0,0,0,0.14408,0,0,0,0.144067,2.961128,0,0,0,2.950603,-32.853281,-29.251906,-30.299778,-31.107208,-32.90238,-32.401703,-31.580405,-30.664309,-33.960286,-32.399129,-35.180812,-31.750477,-32.595124,-33.908554,-35.204738,1,20,0,2,18637,11377,12,110,0,122,29.54258201
81,1,4,3,0,1,1,3,1,0,0.333333,0.333333,1,456,0,11,9,476,14.976692,28.949002,25.594644,28.531344,14.972391,22,0,3,1,26,2,0,0,0,2,18,0,3,1,22,7.333333,0,1,0.333333,8.666667,56.888889,0,2,0.222222,88.888889,0.048246,0,0.272727,0.111111,0.054622,0.004386,0,0,0,0.004202,0.039474,0,0.272727,0.111111,0.046218,0.016082,0,0.090909,0.037037,0.018207,0.000274,0,0.016529,0.002743,0.000392,118.387467,0,26.967703,9.586712,140.479685,2.361389,0,0,0,2.359949,99.488344,0,26.967703,9.586712,121.588392,39.462489,0,8.989234,3.195571,46.826562,1835.046444,0,161.612672,20.423345,2828.137083,1,0,0,0,1,0.68138,0,0.574461,0.555497,0.659229,36.170943,0,14.631177,9.328037,36.301708,-14.894741,-29.251906,-24.007563,-27.264804,-14.813197,-18.558619,-31.580405,-26.65682,-30.747578,-18.380591,-14.387051,-31.750477,-26.16215,-30.058186,-14.314211,2,44,34,2,1093,11103,24,30,0,0,0
82,1,4,3,0,2,0,3,1,0,0.666667,0,1,392,0,13,9,414,14.976692,28.949002,25.594644,28.531344,14.972391,23,0,3,0,26,1,0,0,0,1,17,0,2,0,18,7.666667,0,1,0,8.666667,46.222222,0,0.666667,0,49.555556,0.058673,0,0.230769,0,0.062802,0.002551,0,0,0,0.002415,0.043367,0,0.153846,0,0.043478,0.019558,0,0.076923,0,0.020934,0.000301,0,0.003945,0,0.000289,66.943274,0,28.523293,0,84.625987,5.52713,0,0,0,5.526745,41.344333,0,23.835768,0,57.859701,22.314425,0,9.507764,0,28.208662,216.32666,0,106.307993,0,480.740714,1,0,0,0,1,0.838129,0,0.805181,0,0.853774,34.19952,0,17.222283,0,35.551281,-14.857628,-29.251906,-17.399841,-31.107208,-14.580002,-18.785376,-31.580405,-23.863117,-33.960286,-18.423444,-13.784693,-31.750477,-17.692544,-33.908554,-13.554839,5,60,12,15,153,5947,4,17,0,0,0
83,1,4,3,0,3,2,3,1,0,1,0.666667,1,428,0,10,6,444,14.976692,28.949002,25.594644,28.531344,14.972391,53,0,5,2,60,10,0,1,0,11,30,0,2,1,33,17.666667,0,1.666667,0.666667,20,77.555556,0,0.222222,0.222222,88.666667,0.123832,0,0.5,0.333333,0.135135,0.023364,0,0.1,0,0.024775,0.070093,0,0.2,0.166667,0.074324,0.041277,0,0.166667,0.111111,0.045045,0.000423,0,0.002222,0.006173,0.00045,263.851605,0,39.271403,15.41397,292.184568,15.349031,0,9.37505,0,18.879592,165.813907,0,17.978469,9.586712,182.382589,87.950535,0,13.090468,5.13799,97.394856,3787.123444,0,13.023945,15.555054,4476.484762,1,0,1,0,1,0.869446,0,0.944573,0.650159,0.870068,47.211346,0,28.444507,18.615657,47.621256,-10.050714,-29.251906,-7.580252,-21.585522,-9.744654,-15.000272,-31.580405,-20.473623,-29.884773,-14.641911,-10.221816,-31.750477,-5.836671,-21.339215,-9.934103,2,33,382,7,8702,2383,23,124,0,0,0
84,1,4,3,0,3,2,3,1,0,1,0.666667,1,306,1,10,11,328,14.976692,28.949002,25.594644,28.531344,14.972391,31,0,5,2,38,4,0,1,0,5,20,0,2,1,23,10.333333,0,1.666667,0.666667,12.666667,48.222222,0,0.222222,0.222222,57.555556,0.101307,0,0.5,0.181818,0.115854,0.013072,0,0.1,0,0.015244,0.065359,0,0.2,0.090909,0.070122,0.033769,0,0.166667,0.060606,0.038618,0.000515,0,0.002222,0.001837,0.000535,151.882934,0,39.271403,15.41397,180.24324,8.264863,0,9.37505,0,11.799745,110.542605,0,17.978469,9.586712,127.115138,50.627645,0,13.090468,5.13799,60.08108,1897.495561,0,13.023945,15.555054,2392.105594,1,0,1,0,1,0.772428,0,0.944573,0.650159,0.788493,43.847722,0,28.444507,13.277861,45.068706,-11.160509,-29.251906,-7.580252,-22.793431,-10.574706,-16.697124,-31.580405,-20.473623,-29.892241,-16.062414,-11.15505,-31.750477,-5.836671,-22.551277,-10.644698,3,62,367,6,153,2383,19,82,0,0,0
85,0,4,3,0,0,0,3,1,0,0,0,1,1346,4,5,6,1361,14.976692,28.949002,25.594644,28.531344,14.972391,3,0,0,0,3,1,0,0,0,1,1,0,0,0,1,1,0,0,0,1,0,0,0,0,0,0.002229,0,0,0,0.002204,0.000743,0,0,0,0.000735,0.000743,0,0,0,0.000735,0.000743,0,0,0,0.000735,0,0,0,0,0,14.976692,0,0,0,14.972391,1.180695,0,0,0,1.179974,8.268867,0,0,0,8.265672,4.992231,0,0,0,4.990797,8.516756,0,0,0,8.511471,1,0,0,0,1,1,0,0,0,1,11.078102,0,0,0,11.167129,-24.530811,-29.251906,-30.299778,-31.107208,-24.556994,-23.375708,-31.580405,-30.664309,-33.960286,-23.38627,-21.817394,-31.750477,-32.595124,-33.908554,-21.848968,2,34,43,2,3262,1859,20,165,0,0,0
86,0,4,3,0,2,0,3,1,0,0.666667,0,1,396,0,13,9,418,14.976692,28.949002,25.594644,28.531344,14.972391,23,0,3,0,26,1,0,0,0,1,17,0,2,0,18,7.666667,0,1,0,8.666667,46.222222,0,0.666667,0,49.555556,0.058081,0,0.230769,0,0.062201,0.002525,0,0,0,0.002392,0.042929,0,0.153846,0,0.043062,0.01936,0,0.076923,0,0.020734,0.000295,0,0.003945,0,0.000284,66.943274,0,28.523293,0,84.625987,5.52713,0,0,0,5.526745,41.344333,0,23.835768,0,57.859701,22.314425,0,9.507764,0,28.208662,216.32666,0,106.307993,0,480.740714,1,0,0,0,1,0.838129,0,0.805181,0,0.853774,34.133036,0,17.222283,0,35.493382,-14.887904,-29.251906,-17.399841,-31.107208,-14.608672,-18.790389,-31.580405,-23.863117,-33.960286,-18.428411,-13.815124,-31.750477,-17.692544,-33.908554,-13.583661,5,60,12,15,153,5947,4,19,0,0,0
87,1,4,3,0,3,0,3,1,0,1,0,1,235,0,5,3,243,14.976692,28.949002,25.594644,28.531344,14.972391,17,0,3,0,20,4,0,1,0,5,8,0,1,0,9,5.666667,0,1,0,6.666667,2.888889,0,0,0,2.888889,0.07234,0,0.6,0,0.082305,0.017021,0,0.2,0,0.020576,0.034043,0,0.2,0,0.037037,0.024113,0,0.2,0,0.027435,0.000052,0,0,0,0.000049,83.195982,0,25.594644,0,98.148911,5.903474,0,4.687525,0,7.079847,44.217042,0,11.917884,0,49.740706,27.731994,0,8.531548,0,32.716304,258.931268,0,8.817753,0,340.408558,1,0,1,0,1,0.943943,0,1,0,0.959499,43.340067,0,31.52713,0,44.623102,-11.719329,-29.251906,-8.422103,-31.107208,-11.220866,-17.78333,-31.580405,-21.357146,-33.960286,-17.311056,-11.61551,-31.750477,-5.143525,-33.908554,-11.193246,1,19,0,0,622,49,12,4,6,0,0
88,0,4,2,0,2,0,2,0.666667,0,0.666667,0,0.666667,168,0,11,4,183,14.976692,28.949002,25.594644,28.531344,14.972391,24,0,2,0,26,0,0,0,0,0,22,0,1,0,23,8,0,0.666667,0,8.666667,98.666667,0,0.222222,0,104.222222,0.142857,0,0.181818,0,0.142077,0,0,0,0,0,0.130952,0,0.090909,0,0.125683,0.047619,0,0.060606,0,0.047359,0.003496,0,0.001837,0,0.003112,123.958255,0,13.67676,0,130.655061,0,0,0,0,0,121.596865,0,8.989234,0,127.115138,41.319418,0,4.55892,0,43.551687,3223.163616,0,13.475992,0,3493.513645,0,0,0,0,0,0.55345,0,0.648144,0,0.554895,21.428595,0,10.754381,0,21.745587,-22.021556,-29.251906,-21.200588,-31.107208,-21.66145,-25.620209,-31.580405,-27.447116,-33.960286,-25.340872,-23.513183,-31.750477,-20.986803,-33.908554,-23.228597,1,30,0,17,46862,27304,5,9,1,293,26.24332772
89,2,4,3,0,3,3,3,1,0,1,1,1,515,0,4,9,528,14.976692,28.949002,25.594644,28.531344,14.972391,54,0,3,4,61,3,0,1,1,5,44,0,1,2,47,18,0,1,1.333333,20.333333,340.666667,0,0,0.222222,358.222222,0.104854,0,0.75,0.444444,0.11553,0.005825,0,0.25,0.111111,0.00947,0.085437,0,0.25,0.222222,0.089015,0.034951,0,0.25,0.148148,0.03851,0.001284,0,0,0.002743,0.001285,276.265194,0,25.594644,38.118056,311.705149,8.264863,0,4.687525,5.827258,10.61977,243.193731,0,11.917884,19.173424,259.75702,92.088398,0,8.531548,12.706019,103.901716,11462.01566,0,8.817753,29.771299,12302.60746,1,0,1,1,1,0.636177,0,1,0.942978,0.678915,40.252161,0,34.814231,33.031265,43.580678,-12.268773,-29.251906,-7.756273,-8.73037,-11.380043,-16.457168,-31.580405,-21.35565,-21.56247,-15.6858,-12.213415,-31.750477,-4.474268,-6.214236,-11.461386,3,67,27,0,814,13555,108,113,0,0,0
90,0,4,2,0,1,0,2,0.666667,0,0.333333,0,0.666667,708,0,12,4,724,14.976692,28.949002,25.594644,28.531344,14.972391,39,0,1,0,40,0,0,0,0,0,33,0,1,0,34,13,0,0.333333,0,13.333333,206,0,0.222222,0,219.555556,0.055085,0,0.083333,0,0.055249,0,0,0,0,0,0.04661,0,0.083333,0,0.046961,0.018362,0,0.027778,0,0.018416,0.000411,0,0.001543,0,0.000419,72.125707,0,4.687525,0,73.279603,0,0,0,0,0,38.962926,0,4.687525,0,40.119132,24.041902,0,1.562508,0,24.426534,294.613484,0,4.882865,0,306.398284,0,0,0,0,0,0.432121,0,0.300142,0,0.427047,18.029199,0,3.476387,0,18.035779,-23.841284,-29.251906,-28.961699,-31.107208,-23.862839,-25.315679,-31.580405,-30.634635,-33.960286,-25.296922,-24.891386,-31.750477,-31.617715,-33.908554,-24.898534,1,16,0,0,622,49,50,23,0,0,0
91,1,4,3,0,2,0,3,1,0,0.666667,0,1,359,1,9,6,375,14.976692,28.949002,25.594644,28.531344,14.972391,15,0,3,0,18,4,0,0,0,4,7,0,2,0,8,5,0,1,0,6,2,0,0.666667,0,2.666667,0.041783,0,0.333333,0,0.048,0.011142,0,0,0,0.010667,0.019499,0,0.222222,0,0.021333,0.013928,0,0.111111,0,0.016,0.000016,0,0.00823,0,0.000019,63.44885,0,28.523293,0,81.140806,8.264863,0,0,0,9.439796,33.075466,0,23.835768,0,49.59403,21.149617,0,9.507764,0,27.046935,103.054088,0,106.307993,0,280.928661,1,0,0,0,1,0.994502,0,0.805181,0,0.983882,39.480574,0,21.166379,0,41.426388,-13.406254,-29.251906,-16.663837,-31.107208,-12.917465,-18.370169,-31.580405,-23.85715,-33.960286,-17.874037,-13.242943,-31.750477,-16.95778,-33.908554,-12.83512,1,31,872,4,153,4872,31,74,0,0,0
92,0,4,3,0,0,0,3,1,0,0,0,1,468,0,15,4,487,14.976692,28.949002,25.594644,28.531344,14.972391,27,0,0,0,27,6,0,0,0,6,12,0,0,0,12,9,0,0,0,9,6,0,0,0,6,0.057692,0,0,0,0.055441,0.012821,0,0,0,0.01232,0.025641,0,0,0,0.024641,0.019231,0,0,0,0.01848,0.000027,0,0,0,0.000025,143.015433,0,0,0,142.9683,10.626253,0,0,0,10.61977,99.226399,0,0,0,99.188059,47.671811,0,0,0,47.6561,1413.586962,0,0,0,1412.451944,1,0,0,0,1,0.965047,0,0,0,0.965034,44.217659,0,0,0,44.12607,-12.225933,-29.251906,-30.299778,-31.107208,-12.345071,-16.7941,-31.580405,-30.664309,-33.960286,-16.816427,-12.282944,-31.750477,-32.595124,-33.908554,-12.402122,1,28,0,0,8989,2247,32,64,0,7,18.53333333
93,0,4,2,0,0,0,2,0.666667,0,0,0,0.666667,895,0,10,4,909,14.976692,28.949002,25.594644,28.531344,14.972391,6,0,0,0,6,0,0,0,0,0,4,0,0,0,4,2,0,0,0,2,2.666667,0,0,0,2.666667,0.006704,0,0,0,0.006601,0,0,0,0,0,0.004469,0,0,0,0.0044,0.002235,0,0,0,0.0022,0.000003,0,0,0,0.000003,15.777039,0,0,0,15.773388,0,0,0,0,0,11.05426,0,0,0,11.05349,5.259013,0,0,0,5.257796,20.509886,0,0,0,20.507942,0,0,0,0,0,0.554224,0,0,0,0.554341,10.80852,0,0,0,10.842322,-28.045266,-29.251906,-30.299778,-31.107208,-28.073775,-28.431337,-31.580405,-30.664309,-33.960286,-28.436788,-28.550998,-31.750477,-32.595124,-33.908554,-28.573947,1,19,0,2,59949,22708,5,6,0,391,28.26711363
94,0,4,2,0,1,0,2,0.666667,0,0.333333,0,0.666667,655,0,6,4,665,14.976692,28.949002,25.594644,28.531344,14.972391,28,0,2,0,30,0,0,0,0,0,27,0,2,0,29,9.333333,0,0.666667,0,10,156.222222,0,0.888889,0,180.666667,0.042748,0,0.333333,0,0.045113,0,0,0,0,0,0.041221,0,0.333333,0,0.043609,0.014249,0,0.111111,0,0.015038,0.000364,0,0.024691,0,0.000409,150.413211,0,17.978469,0,161.455583,0,0,0,0,0,149.232517,0,17.978469,0,160.275608,50.137737,0,5.992823,0,53.818528,4910.120001,0,71.827854,0,5666.787068,0,0,0,0,0,0.551549,0,0.574461,0,0.551577,19.310732,0,15.311314,0,19.410359,-26.296228,-29.251906,-22.759676,-31.107208,-26.234622,-26.351249,-31.580405,-27.047757,-33.960286,-26.280779,-26.674343,-31.750477,-25.961481,-33.908554,-26.624427,2,25,794,1,11922,5916,10,37,0,0,0
95,1,4,2,0,1,0,2,0.666667,0,0.333333,0,0.666667,163,0,6,4,173,14.976692,28.949002,25.594644,28.531344,14.972391,7,0,1,0,8,0,0,0,0,0,5,0,1,0,6,2.333333,0,0.333333,0,2.666667,4.222222,0,0.222222,0,6.222222,0.042945,0,0.166667,0,0.046243,0,0,0,0,0,0.030675,0,0.166667,0,0.034682,0.014315,0,0.055556,0,0.015414,0.000159,0,0.006173,0,0.000208,16.957734,0,4.687525,0,18.133337,0,0,0,0,0,11.05426,0,4.687525,0,11.05349,5.652578,0,1.562508,0,6.044446,20.397587,0,4.882865,0,20.899302,0,0,0,0,0,0.539221,0,0.300142,0,0.521763,16.888416,0,5.275888,0,16.901876,-23.811923,-29.251906,-28.930031,-31.107208,-23.756726,-27.391986,-31.580405,-30.625676,-33.960286,-27.255619,-24.938751,-31.750477,-30.925596,-33.908554,-24.868129,2,18,377,0,7917,7164,42,194,0,0,0
96,0,4,1,0,1,0,1,0.333333,0,0.333333,0,0.333333,245,0,26,4,275,14.976692,28.949002,25.594644,28.531344,14.972391,14,0,5,0,19,0,0,0,0,0,14,0,5,0,19,4.666667,0,1.666667,0,6.333333,43.555556,0,5.555556,0,80.222222,0.057143,0,0.192308,0,0.069091,0,0,0,0,0,0.057143,0,0.192308,0,0.069091,0.019048,0,0.064103,0,0.02303,0.000726,0,0.008218,0,0.001061,16.529726,0,23.437626,0,22.419515,0,0,0,0,0,16.529726,0,23.437626,0,22.419515,5.509909,0,7.812542,0,7.473172,60.718188,0,122.071623,0,111.69659,0,0,0,0,0,0.14408,0,0.300142,0,0.144067,3.83438,0,6.575533,0,3.895156,-30.523106,-29.251906,-27.456878,-31.107208,-30.495695,-31.122906,-31.580405,-29.973356,-33.960286,-30.867254,-33.492426,-31.750477,-30.782633,-33.908554,-33.286026,1,21,0,3,24551,21182,14,26,0,685,35.5906043
97,0,4,3,0,2,0,3,1,0,0.666667,0,1,227,0,9,10,246,14.976692,28.949002,25.594644,28.531344,14.972391,17,0,3,0,20,1,0,0,0,1,12,0,2,0,13,5.666667,0,1,0,6.666667,21.555556,0,0.666667,0,24.222222,0.07489,0,0.333333,0,0.081301,0.004405,0,0,0,0.004065,0.052863,0,0.222222,0,0.052846,0.024963,0,0.111111,0,0.0271,0.000418,0,0.00823,0,0.0004,52.770933,0,28.523293,0,70.460443,5.52713,0,0,0,5.526745,33.075466,0,23.835768,0,49.59403,17.590311,0,9.507764,0,23.486814,132.340091,0,106.307993,0,356.842257,1,0,0,0,1,0.867126,0,0.805181,0,0.872692,36.207134,0,21.166379,0,37.653834,-13.850508,-29.251906,-16.663837,-31.107208,-13.532877,-19.107563,-31.580405,-23.85715,-33.960286,-18.655931,-12.717781,-31.750477,-16.95778,-33.908554,-12.473384,2,62,35,1,153,4872,9,55,0,0,0
98,1,4,3,0,3,2,3,1,0,1,0.666667,1,406,1,11,9,427,14.976692,28.949002,25.594644,28.531344,14.972391,44,0,5,2,51,7,0,1,0,9,28,0,3,1,32,14.666667,0,1.666667,0.666667,17,89.555556,0,0.888889,0.222222,112.666667,0.108374,0,0.454545,0.222222,0.119438,0.017241,0,0.090909,0,0.021077,0.068966,0,0.272727,0.111111,0.074941,0.036125,0,0.151515,0.074074,0.039813,0.000543,0,0.007346,0.002743,0.000618,237.444309,0,43.573113,15.41397,270.13233,8.264863,0,4.687525,0,10.61977,154.759647,0,26.967703,9.586712,176.855844,79.148103,0,14.524371,5.13799,90.04411,3587.965372,0,86.131276,15.555054,4633.02547,1,0,1,0,1,0.859158,0,0.870077,0.650159,0.854343,46.656601,0,27.688429,14.99806,47.168685,-10.73774,-29.251906,-8.736709,-22.393833,-10.366592,-15.677536,-31.580405,-20.295442,-29.889256,-15.254614,-10.854707,-31.750477,-6.409258,-22.15002,-10.516698,2,52,367,6,153,2383,18,99,0,16,11.31666667
99,2,4,2,0,2,0,2,0.666667,0,0.666667,0,0.666667,656,0,9,4,669,14.976692,28.949002,25.594644,28.531344,14.972391,58,0,5,0,63,0,0,0,0,0,47,0,4,0,51,19.333333,0,1.666667,0,21,402.888889,0,2.888889,0,474,0.088415,0,0.555556,0,0.09417,0,0,0,0,0,0.071646,0,0.444444,0,0.076233,0.029472,0,0.185185,0,0.03139,0.000936,0,0.035665,0,0.001059,272.762763,0,40.644463,0,296.023694,0,0,0,0,0,259.775121,0,35.956938,0,281.864001,90.920921,0,13.548154,0,98.674565,14283.98362,0,254.738937,0,16812.60086,0,0,0,0,0,0.557961,0,0.608496,0,0.558115,22.003597,0,22.391861,0,22.111814,-22.350287,-29.251906,-18.824832,-31.107208,-22.215492,-24.213683,-31.580405,-26.089329,-33.960286,-24.061991,-23.775839,-31.750477,-19.199531,-33.908554,-23.63902,1,28,0,0,49182,26966,15,69,0,193,21.93555955
100,1,4,2,0,2,0,2,0.666667,0,0.666667,0,0.666667,1309,0,9,4,1322,14.976692,28.949002,25.594644,28.531344,14.972391,107,0,2,0,109,0,0,0,0,0,91,0,1,0,92,35.666667,0,0.666667,0,36.333333,1573.555556,0,0.222222,0,1597.555556,0.081742,0,0.222222,0,0.082451,0,0,0,0,0,0.069519,0,0.111111,0,0.069592,0.027247,0,0.074074,0,0.027484,0.000918,0,0.002743,0,0.000914,521.859968,0,13.67676,0,528.520116,0,0,0,0,0,502.968852,0,8.989234,0,508.46055,173.953323,0,4.55892,0,176.173372,54185.0884,0,13.475992,0,55274.44874,0,0,0,0,0,0.556222,0,0.648144,0,0.556617,21.966403,0,12.228476,0,22.022949,-22.933643,-29.251906,-20.806306,-31.107208,-22.874479,-23.877996,-31.580405,-27.444131,-33.960286,-23.81544,-24.120216,-31.750477,-20.585809,-33.908554,-24.061055,1,23,0,1,42877,26562,12,24,0,56,62.92060423
101,0,4,3,0,2,0,3,1,0,0.666667,0,1,399,5,13,9,426,14.976692,28.949002,25.594644,28.531344,14.972391,23,0,3,0,26,1,0,0,0,1,17,0,2,0,18,7.666667,0,1,0,8.666667,46.222222,0,0.666667,0,49.555556,0.057644,0,0.230769,0,0.061033,0.002506,0,0,0,0.002347,0.042607,0,0.153846,0,0.042254,0.019215,0,0.076923,0,0.020344,0.00029,0,0.003945,0,0.000273,66.943274,0,28.523293,0,84.625987,5.52713,0,0,0,5.526745,41.344333,0,23.835768,0,57.859701,22.314425,0,9.507764,0,28.208662,216.32666,0,106.307993,0,480.740714,1,0,0,0,1,0.838129,0,0.805181,0,0.853774,34.0834,0,17.222283,0,35.37843,-14.910365,-29.251906,-17.399841,-31.107208,-14.665252,-18.794143,-31.580405,-23.863117,-33.960286,-18.43832,-13.837747,-31.750477,-17.692544,-33.908554,-13.640485,4,59,1415,14,5334,6434,4,17,0,0,0
